COLUMN,data_type,description,frequencies,perc_missing,erroneous,perc_erroneous,cut_off,outliers_zscore,outliers_iqr
HASCONF_2,ordinal,overall rating of confidence in data,", 0.0: 0.5966796875%%, 3.0: 0.0029296875%%, 2.0: 0.015625%%, 1.0: 0.0302734375%%, 4.0: 0.0009765625%%",35.3515625,,0.0,4.0,1.953125,1.953125
Q82_2,categorical,the participant says/points our that he/she doesn't know,", 0.0: 0.673828125%%, 8.0: 0.0009765625%%, 9.0: 0.0029296875%%, 1.0: 0.0087890625%%",31.34765625,"8,9",0.7393715341959335,3.0,,
Q83_2,categorical,"incomplete, irrelevant, or no answer",", 1.0: 0.0126953125%%, 0.0: 0.66796875%%, 8.0: 0.0029296875%%, 9.0: 0.0029296875%%",31.34765625,"8,9",1.1090573012939002,3.0,,
Q81_2,categorical,participant gave the wrong or incomplete address,", 1.0: 0.0185546875%%, 0.0: 0.6650390625%%, 8.0: 0.001953125%%, 9.0: 0.0009765625%%",31.34765625,"8,9",0.5545286506469501,3.0,,
ENDIF_2,boolean,interviewer code - is the total csid score 2 or less?            ,", 0.0: 0.2412109375%%, 1.0: 0.458984375%%",29.98046875,,0.0,,,
NPI12,categorical,"Has your (xxxx) lost or gained weight, or had a change in the food he she likes? ",", 0.0: 0.67578125%%, 1.0: 0.02734375%%, 98.0: 0.0029296875%%",29.39453125,98,0.5545286506469501,2.0,,
NPI2,categorical,Does your (xxxx) act as if he or she hears voices? Does he or she talk to people who are not there?,", 0.0: 0.70703125%%, 1.0: 0.0029296875%%, 98.0: 0.0029296875%%",28.7109375,98,0.5545286506469501,2.0,,
NPI1,categorical,"Does your (xxxx) believe that others are stealing from him or her, or planning to harm him or her in some way?",", 0.0: 0.7060546875%%, 1.0: 0.0048828125%%, 98.0: 0.001953125%%",28.7109375,98,0.3696857670979667,2.0,,
NPI3,categorical,Is your (xxxx) stubborn and resistive to help from others?,", 0.0: 0.697265625%%, 1.0: 0.0146484375%%, 98.0: 0.0009765625%%",28.7109375,98,0.18484288354898332,2.0,,
NPI5,categorical,"Does your (xxxx) become upset when separated from you? Does he or she have any other signs of nervousness, such as shortness of breath, sighing, being unable to relax, or feeling excessively tense?",", 0.0: 0.693359375%%, 1.0: 0.015625%%, 98.0: 0.00390625%%",28.7109375,98,0.7393715341959335,2.0,,
NPI7,categorical,Does your (xxxx) seem less interested in his or her usual activities and plans of others?,", 0.0: 0.6669921875%%, 1.0: 0.044921875%%, 98.0: 0.001953125%%",28.61328125,98,0.3696857670979667,2.0,,
NPI8,categorical,"Does your (xxxx) seem to act impulsively? For example, does your (xxxx) talk to strangers as if he or she knows them, or does your (xxxx) say things that may hurt people’s feeling?",", 0.0: 0.69921875%%, 98.0: 0.001953125%%, 1.0: 0.0126953125%%",28.61328125,98,0.3696857670979667,2.0,,
NPI9,categorical,Is your (xxxx) impatient and cranky? Does he or she have difficulty coping with delays or waiting for planned activities?,", 0.0: 0.6962890625%%, 98.0: 0.001953125%%, 1.0: 0.015625%%",28.61328125,98,0.3696857670979667,2.0,,
NPI11,categorical,"Does your (xxxx) awaken you during the night, rise too early in the morning, or take excessive naps during the day?",", 0.0: 0.701171875%%, 1.0: 0.0107421875%%, 98.0: 0.001953125%%",28.61328125,98,0.3696857670979667,2.0,,
NPI6,categorical,Does your (xxxx) appear to feel too good or act excessively happy?,", 0.0: 0.70703125%%, 1.0: 0.005859375%%, 98.0: 0.0009765625%%",28.61328125,98,0.18484288354898332,2.0,,
NPI10,categorical,"Does your (xxxx) engage in repetitive activities, such as pacing around the house, handling buttons, wrapping string, or doing other things repeatedly?",", 0.0: 0.708984375%%, 98.0: 0.0029296875%%, 1.0: 0.001953125%%",28.61328125,98,0.5545286506469501,2.0,,
NPI4,categorical,Does your (xxxx) act as if he or she is sad or in low spirits? Does he or she cry?,", 0.0: 0.6728515625%%, 1.0: 0.037109375%%, 98.0: 0.00390625%%",28.61328125,98,0.7393715341959335,2.0,,
CARENEED_2,ordinal,The older person,", 2.0: 0.09765625%%, 3.0: 0.5732421875%%, 1.0: 0.04296875%%",28.61328125,,0.0,2.0,4.296875,4.296875
Q1551_2,ordinal,"Taking everything into account, how would you describe your satisfaction with life at the present time: good, average, or weak?",", 0.0: 0.21484375%%, 1.0: 0.4462890625%%, 2.0: 0.0576171875%%, 8.0: 0.0068359375%%",27.44140625,8,1.2939001848428835,4.0,0.68359375,0.68359375
Q1561_2,ordinal,"In general, how happy are you: very happy, reasonably happy, not too happy, not happy at all?",", 1.0: 0.5419921875%%, 0.0: 0.083984375%%, 2.0: 0.064453125%%, 3.0: 0.033203125%%, 8.0: 0.001953125%%",27.44140625,8,0.3696857670979667,5.0,0.1953125,0.1953125
ICINTCOM_2,categorical,"* Interviewer's evaluation * Has the interview ended?
",", 0.0: 0.0087890625%%, 1.0: 0.7265625%%",26.46484375,,0.0,3.0,,
Q1821_2,ordinal,"Exaggeration or tendency to say yes, indiscriminately.",", 8.0: 0.001953125%%, 1.0: 0.01953125%%, 0.0: 0.7841796875%%, 2.0: 0.001953125%%",19.23828125,8,0.3696857670979667,4.0,0.390625,0.390625
Q1822_2,ordinal,"Minimization or tendency to say no, indiscriminately.",", 2.0: 0.005859375%%, 1.0: 0.0302734375%%, 0.0: 0.771484375%%",19.23828125,,0.0,4.0,3.61328125,3.61328125
Q781_2,ordinal,Elderly seems very slow in all moves,", 0.0: 0.6708984375%%, 1.0: 0.166015625%%, 2.0: 0.0263671875%%, 8.0: 0.001953125%%, 9.0: 0.0029296875%%",13.18359375,"8,9",0.9242144177449167,4.0,0.48828125,0.48828125
Q871_2,ordinal,Admits feeling lonely,", 0.0: 0.66015625%%, 1.0: 0.1728515625%%, 2.0: 0.03125%%, 8.0: 0.005859375%%",12.98828125,8,1.1090573012939002,4.0,0.5859375,0.5859375
Q1351_2,categorical,Note ** The participant is taking a doctor-prescribed medication to treat a mental problem,", 0.0: 0.8974609375%%, 1.0: 0.013671875%%, 8.0: 0.001953125%%",8.69140625,8,0.3696857670979667,3.0,,
Q1709_2,ordinal,Takes slow shuffling steps,", 0.0: 0.849609375%%, 1.0: 0.0615234375%%, 2.0: 0.0078125%%, 9.0: 0.0068359375%%",7.421875,9,1.2939001848428835,4.0,0.68359375,0.68359375
Q1708_2,ordinal,Staggers as if drunk,", 0.0: 0.90625%%, 1.0: 0.01171875%%, 2.0: 0.0009765625%%, 9.0: 0.0068359375%%",7.421875,9,1.2939001848428835,4.0,0.68359375,0.68359375
Q1707_2,ordinal,"Gait normal, just unsteady",", 0.0: 0.84375%%, 1.0: 0.0654296875%%, 2.0: 0.0087890625%%, 9.0: 0.0078125%%",7.421875,9,1.478743068391867,4.0,0.78125,0.78125
Q1361_2,categorical,"Opium alkaloids, heroin, industrial analgesics similar to morphine (eg pythidine, methadone, dehydroquidine) and cocaine.",", 0.0: 0.931640625%%, 1.0: 0.0009765625%%",6.73828125,,0.0,3.0,,
Q201_2,ordinal,episode of anxiety which participant tries to terminate e.g. by running out of room.,", 0.0: 0.91796875%%, 2.0: 0.001953125%%, 1.0: 0.029296875%%, 8.0: 0.005859375%%, 9.0: 0.0009765625%%",4.39453125,"8,9",1.2939001848428835,4.0,0.68359375,0.68359375
Q1742_2,ordinal,"Patient talks fairly freely, but vaguely and ambiguously so that ideas communicated are not clear - vague wandering from idea to idea or point to point, e.g.
Question:  
HOW DO YOU LIKE IT IN THE HOSPITAL?
Response:  
WELL, or ….NOT QUITE THE SAME AS, OR …DO NOT QUITE KNOW HOW TO SAY IT.  IT IS NOT THE SAME, BEING IN HOSPITAL AS, or....WORKING. ER….THE JOB IS NOT QUITE THE SAME or… VERY MUCH THE SAME, BUT OF COURSE, IT IS NOT EXACTLY THE SAME.",", 0.0: 0.92578125%%, 9.0: 0.0029296875%%, 1.0: 0.0244140625%%, 2.0: 0.0048828125%%",4.19921875,9,0.5545286506469501,4.0,0.78125,0.78125
Q1744_2,ordinal,"Circumstantial:  much unnecessary detail, but the object in view at the beginning is ultimately reached.",", 0.0: 0.9365234375%%, 1.0: 0.017578125%%, 9.0: 0.001953125%%, 2.0: 0.00390625%%",4.00390625,9,0.3696857670979667,4.0,0.5859375,0.5859375
Q1745_2,ordinal,Rambling:  talks in an aimless fashion.  Object in view at the beginning is not reached.,", 0.0: 0.9453125%%, 1.0: 0.009765625%%, 9.0: 0.001953125%%, 2.0: 0.0029296875%%",4.00390625,9,0.3696857670979667,4.0,0.48828125,0.48828125
Q1743_2,ordinal,"Irrelevance:  whole content of answer may have little to do with the question.  (Do not include wandering or rambling from the topic, or incoherence).",", 0.0: 0.92578125%%, 9.0: 0.0029296875%%, 2.0: 0.005859375%%, 1.0: 0.025390625%%",4.00390625,9,0.5545286506469501,4.0,0.87890625,0.87890625
Q171_2,categorical,do you have children,", 1.0: 0.7841796875%%, 0.0: 0.177734375%%",3.80859375,,0.0,3.0,,
Q1031_2,ordinal,It seems from looking at/ listening to the participant that he/she is overly skeptical,", 0.0: 0.931640625%%, 1.0: 0.0283203125%%, 2.0: 0.001953125%%",3.80859375,,0.0,4.0,3.02734375,3.02734375
Q331_2,ordinal,"seems very nervous, worried, depressed or scared",", 2.0: 0.0869140625%%, 9.0: 0.005859375%%, 0.0: 0.716796875%%, 1.0: 0.15234375%%, 8.0: 0.001953125%%",3.61328125,"8,9",1.478743068391867,6.0,0.78125,0.78125
Q75_2,ordinal,evaluate: error in the year provided,", 0.0: 0.7578125%%, 1.0: 0.1435546875%%, 2.0: 0.041015625%%, 9.0: 0.005859375%%, 8.0: 0.015625%%",3.61328125,"8,9",4.066543438077634,4.0,2.1484375,2.1484375
Q1441_2,categorical,The interviewer believes that the participant has a drinking problem.,", 0.0: 0.9306640625%%, 9.0: 0.025390625%%, 1.0: 0.0078125%%",3.61328125,9,4.805914972273566,3.0,,
IRDISCR_2,boolean,"Interviewer rating: was there any discrepancy between stated birth date and stated age?
",", 0.0: 0.80859375%%, 1.0: 0.1484375%%, 9.0: 0.0048828125%%, 8.0: 0.001953125%%",3.61328125,,0.0,,,
Q42_2,categorical,"age is incomplete, irrelevant or no reply",", 0.0: 0.8916015625%%, 1.0: 0.0654296875%%, 9.0: 0.0068359375%%",3.61328125,9,1.2939001848428835,3.0,,
Q1242_2,ordinal,Hallucinations related to taste,", 0.0: 0.9580078125%%, 9.0: 0.001953125%%, 1.0: 0.00390625%%, 8.0: 0.0009765625%%",3.515625,"8,9",0.5545286506469501,4.0,0.29296875,0.29296875
Q32_2,categorical,"year of birth is incomplete, irrelevant or no reply",", 1.0: 0.06640625%%, 0.0: 0.890625%%, 9.0: 0.0068359375%%, 8.0: 0.0009765625%%",3.515625,"8,9",1.478743068391867,3.0,,
Q73_2,categorical,evaluate: the participants says/points out that he doesn't know the month,", 0.0: 0.8525390625%%, 1.0: 0.099609375%%, 9.0: 0.00390625%%, 8.0: 0.0087890625%%",3.515625,"8,9",2.4029574861367835,3.0,,
Q1041_2,ordinal,"There is a clear sense of excessive guilt or self-blame over past and present mistakes (do not affirm positively any self-blame that is justified or simple.)
  ",", 0.0: 0.9228515625%%, 1.0: 0.0341796875%%, 9.0: 0.0009765625%%, 8.0: 0.00390625%%, 2.0: 0.0029296875%%",3.515625,"8,9",0.9242144177449167,4.0,0.78125,0.78125
IRERROR_2,categorical,"Interviewer's evaluation: In the Direction or Memory section, did you record ""Yes"" (an indication of memory errors) or ""Not applicable"" frequently during the interview? Or was there a lot of ""not applicable"" in the rest of the interview? """,", 0.0: 0.5400390625%%, 9.0: 0.0009765625%%, 1.0: 0.423828125%%",3.515625,9,0.18484288354898332,3.0,,
Q1365_2,categorical,"Barbituric acid analgesic (Allobarbital, Amobarbital, Aprobarbital)",", 0.0: 0.94921875%%, 1.0: 0.015625%%",3.515625,,0.0,3.0,,
Q1191_2,ordinal, Note ** has a clear difficulty in focusing on the interview.,", 0.0: 0.8896484375%%, 1.0: 0.056640625%%, 2.0: 0.0166015625%%, 9.0: 0.0009765625%%, 8.0: 0.0009765625%%",3.515625,"8,9",0.3696857670979667,4.0,1.85546875,1.85546875
Q1061_2,ordinal,Participant is angry with him/herself,", 0.0: 0.8466796875%%, 1.0: 0.10546875%%, 8.0: 0.0029296875%%, 2.0: 0.009765625%%",3.515625,8,0.5545286506469501,4.0,1.26953125,1.26953125
Q71_2,ordinal,evaluate: there is an error in the date of the week provided,", 0.0: 0.767578125%%, 1.0: 0.123046875%%, 9.0: 0.00390625%%, 8.0: 0.01953125%%, 2.0: 0.05078125%%",3.515625,"8,9",4.436229205175602,4.0,2.34375,2.34375
Q531_2,categorical,Elderly has lost 10 pounds (4.5 kilograms) or more in the past three months,", 0.0: 0.91015625%%, 1.0: 0.0498046875%%, 9.0: 0.001953125%%, 8.0: 0.0029296875%%",3.515625,"8,9",0.9242144177449167,3.0,,
Q512_2,ordinal,increased appetite,", 1.0: 0.029296875%%, 2.0: 0.0009765625%%, 0.0: 0.931640625%%, 8.0: 0.0029296875%%",3.515625,8,0.5545286506469501,4.0,0.390625,0.390625
Q72_2,ordinal,evaluate: there is an error in the month provided ,", 0.0: 0.80078125%%, 1.0: 0.1083984375%%, 2.0: 0.03125%%, 8.0: 0.021484375%%, 9.0: 0.0029296875%%",3.515625,"8,9",4.621072088724584,4.0,2.44140625,2.44140625
Q532_2,categorical,Elderly has lost 10 pounds (4.5 kilograms) or more during the past month,", 0.0: 0.9462890625%%, 9.0: 0.001953125%%, 1.0: 0.013671875%%, 8.0: 0.0029296875%%",3.515625,"8,9",0.9242144177449167,3.0,,
Q1371_2,categorical,Drink alcohol (in one form or another) at least five days a week,", 0.0: 0.9521484375%%, 9.0: 0.0009765625%%, 1.0: 0.0126953125%%",3.41796875,9,0.18484288354898332,3.0,,
Q371_2,categorical,does not remember well the interviewer's name (little mistakes are tolerable) ,", 0.0: 0.8017578125%%, 1.0: 0.1611328125%%, 9.0: 0.0029296875%%",3.41796875,9,0.5545286506469501,3.0,,
Q1364_2,categorical,Other psychosocial stimulants (eg amphetamines / pep pills),", 0.0: 0.9658203125%%",3.41796875,,0.0,3.0,,
Q1363_2,categorical,"Medicinal cannabis (cannabis, marijuana)",", 0.0: 0.9658203125%%",3.41796875,,0.0,3.0,,
Q381_2,categorical,does not remember the name of the current prime minister (if wrong give the right answer: Tamam Salam) ,", 1.0: 0.271484375%%, 0.0: 0.689453125%%, 8.0: 0.0029296875%%, 9.0: 0.001953125%%",3.41796875,"8,9",0.9242144177449167,3.0,,
Q533_2,categorical,Elderly gained 10 pounds (4.5 kilograms) or more during the past month,", 0.0: 0.9462890625%%, 9.0: 0.001953125%%, 1.0: 0.015625%%, 8.0: 0.001953125%%",3.41796875,"8,9",0.7393715341959335,3.0,,
Q491_2,ordinal,difficulty to relax,", 0.0: 0.828125%%, 1.0: 0.1240234375%%, 2.0: 0.005859375%%, 8.0: 0.0068359375%%, 9.0: 0.0009765625%%",3.41796875,"8,9",1.478743068391867,4.0,0.78125,0.78125
Q722_2,ordinal,It exists most days for at least two weeks,", 0.0: 0.791015625%%, 8.0: 0.005859375%%, 1.0: 0.1455078125%%, 2.0: 0.0234375%%",3.41796875,8,1.1090573012939002,4.0,0.5859375,0.5859375
Q1042_2,ordinal,The participant mentions to regret something from the past which may or may not be justified.,", 0.0: 0.9228515625%%, 2.0: 0.00390625%%, 1.0: 0.0380859375%%, 8.0: 0.0009765625%%",3.41796875,8,0.18484288354898332,4.0,0.48828125,0.48828125
Q301_2,categorical,already contemplated the idea of suicide or wished for death,", 0.0: 0.927734375%%, 8.0: 0.0029296875%%, 1.0: 0.03515625%%",3.41796875,8,0.5545286506469501,3.0,,
Q911_2,ordinal,Has this feeling,", 0.0: 0.947265625%%, 1.0: 0.0126953125%%, 2.0: 0.001953125%%, 8.0: 0.0029296875%%, 9.0: 0.0009765625%%",3.41796875,"8,9",0.7393715341959335,4.0,0.5859375,0.5859375
Q1182_2,ordinal,"Difficulty with some forms of concentration most days, at least for two weeks.",", 0.0: 0.8515625%%, 1.0: 0.0693359375%%, 9.0: 0.0126953125%%, 8.0: 0.0107421875%%, 2.0: 0.021484375%%",3.41796875,"8,9",4.436229205175602,4.0,2.34375,2.34375
Q1381_2,categorical,He/she does this,", 0.0: 0.939453125%%, 9.0: 0.0234375%%, 1.0: 0.0029296875%%",3.41796875,9,4.436229205175602,3.0,,
Q1391_2,ordinal,The participant admits that it is a problem,", 0.0: 0.931640625%%, 1.0: 0.0029296875%%, 9.0: 0.03125%%",3.41796875,9,5.914972273567468,4.0,3.125,3.125
Q1043_2,ordinal,Feeling excessive guilt or lack of self-value most days for at least two weeks.,", 0.0: 0.9443359375%%, 1.0: 0.01171875%%, 8.0: 0.0068359375%%, 2.0: 0.0029296875%%",3.41796875,8,1.2939001848428835,4.0,0.68359375,0.68359375
Q1251_2,ordinal,Indicates that he/she hears voices in the absence of any external influence that can be defined,", 0.0: 0.9599609375%%, 1.0: 0.00390625%%, 2.0: 0.0009765625%%, 8.0: 0.0009765625%%",3.41796875,8,0.18484288354898332,4.0,0.5859375,0.5859375
Q1044_2,ordinal,The imaginary feeling of lack of self-value and guilt most days.,", 0.0: 0.951171875%%, 8.0: 0.0068359375%%, 1.0: 0.0078125%%",3.41796875,8,1.2939001848428835,4.0,0.68359375,0.68359375
Q642_2,ordinal,"A feeling of confused thinking or hesitation is present for most days, for at least two weeks.",", 0.0: 0.9013671875%%, 2.0: 0.0068359375%%, 1.0: 0.044921875%%, 8.0: 0.01171875%%, 9.0: 0.0009765625%%",3.41796875,"8,9",2.4029574861367835,4.0,1.26953125,1.26953125
Q1362_2,categorical,"Heliosis (eg LSD, Mescaline)",", 0.0: 0.9658203125%%",3.41796875,,0.0,3.0,,
Q74_2,categorical,"evaluate: at least some answers are incomplete, irrelevant or no answer",", 0.0: 0.8505859375%%, 1.0: 0.103515625%%, 8.0: 0.009765625%%, 9.0: 0.001953125%%",3.41796875,"8,9",2.2181146025878005,3.0,,
Q1181_2,ordinal,He/she has difficulty focusing on reading.,", 0.0: 0.7001953125%%, 9.0: 0.1630859375%%, 1.0: 0.0732421875%%, 8.0: 0.009765625%%, 2.0: 0.01953125%%",3.41796875,"8,9",32.71719038817005,4.0,0.0,0.0
Q1368_2,categorical,Other,", 0.0: 0.939453125%%, 1.0: 0.0263671875%%",3.41796875,,0.0,3.0,,
Q1271_2,ordinal,Says that he/she is testing visual perception in the absence of any identifiable external stimulus.,", 0.0: 0.95703125%%, 9.0: 0.0009765625%%, 1.0: 0.005859375%%, 2.0: 0.0009765625%%, 8.0: 0.0009765625%%",3.41796875,"8,9",0.3696857670979667,4.0,0.29296875,0.29296875
Q1367_2,categorical,"Nerves tranquilizers (Valium, Liberium, etc.)",", 0.0: 0.904296875%%, 1.0: 0.0615234375%%",3.41796875,,0.0,3.0,,
Q1201_2,ordinal,Describes an abnormal sensory experience,", 0.0: 0.9521484375%%, 8.0: 0.0029296875%%, 1.0: 0.0087890625%%, 2.0: 0.0009765625%%, 9.0: 0.0009765625%%",3.41796875,"8,9",0.7393715341959335,4.0,0.48828125,0.48828125
Q281_2,categorical,felt life not worth living,", 0.0: 0.814453125%%, 8.0: 0.0107421875%%, 2.0: 0.013671875%%, 1.0: 0.126953125%%",3.41796875,8,2.033271719038817,4.0,,
Q541_2,categorical,Problem sleeping or change in the sleeping pattern,", 0.0: 0.7822265625%%, 1.0: 0.181640625%%, 8.0: 0.001953125%%",3.41796875,8,0.3696857670979667,3.0,,
Q101_2,categorical,"give a positive answer and a short explanation like ""you examined me yesterday"". This answer is wrong",", 1.0: 0.1396484375%%, 0.0: 0.8154296875%%, 9.0: 0.0087890625%%, 8.0: 0.001953125%%",3.41796875,"8,9",2.033271719038817,3.0,,
Q76_2,categorical,evaluate: the participant says/points out that he doesn't know the year,", 0.0: 0.82421875%%, 9.0: 0.00390625%%, 1.0: 0.1337890625%%, 8.0: 0.00390625%%",3.41796875,"8,9",1.478743068391867,3.0,,
Q1141_2,ordinal,Participant did not enjoy almost anything,", 1.0: 0.060546875%%, 0.0: 0.8828125%%, 9.0: 0.0048828125%%, 8.0: 0.00390625%%, 2.0: 0.013671875%%",3.41796875,"8,9",1.6635859519408502,4.0,0.87890625,0.87890625
Q102_2,categorical,mentioned wrong events (not imaginary and not specific in a wrong way),", 0.0: 0.943359375%%, 1.0: 0.017578125%%, 9.0: 0.0048828125%%",3.41796875,9,0.9242144177449167,3.0,,
Q901_2,ordinal,Feels disturbed,", 0.0: 0.90625%%, 2.0: 0.0205078125%%, 1.0: 0.037109375%%, 9.0: 0.0009765625%%, 8.0: 0.001953125%%",3.3203125,"8,9",0.5545286506469501,4.0,2.34375,2.34375
Q502_2,ordinal,"describes the headacke as the product of nervous tension: tension around the head, tension, stiff neck",", 0.0: 0.859375%%, 1.0: 0.0927734375%%, 9.0: 0.005859375%%, 2.0: 0.005859375%%, 8.0: 0.0029296875%%",3.3203125,"8,9",1.6635859519408502,4.0,0.87890625,0.87890625
Q1131_2,ordinal,Participant has less interests in the past month than he/she usually has,", 0.0: 0.8994140625%%, 1.0: 0.0517578125%%, 2.0: 0.0087890625%%, 8.0: 0.0048828125%%, 9.0: 0.001953125%%",3.3203125,"8,9",1.2939001848428835,4.0,0.68359375,0.68359375
Q451_2,ordinal,"the elderly seems week, skinny, sick or disabled",", 0.0: 0.892578125%%, 1.0: 0.0654296875%%, 2.0: 0.0087890625%%",3.3203125,,0.0,4.0,0.87890625,0.87890625
Q711_2,ordinal,"From his/her point of view, the elderly is slower in motion",", 0.0: 0.5859375%%, 1.0: 0.3369140625%%, 8.0: 0.0009765625%%, 2.0: 0.04296875%%",3.3203125,8,0.18484288354898332,4.0,0.09765625,0.09765625
Q1231_2,ordinal,Hallucinations have to do with smell,", 0.0: 0.9609375%%, 1.0: 0.00390625%%, 9.0: 0.0009765625%%, 8.0: 0.0009765625%%",3.3203125,"8,9",0.3696857670979667,4.0,0.1953125,0.1953125
Q652_2,ordinal,Appears indecisive,", 0.0: 0.8994140625%%, 1.0: 0.0595703125%%, 2.0: 0.0078125%%",3.3203125,,0.0,4.0,6.73828125,6.73828125
Q643_2,ordinal,The feeling of not coping well with the daily routine.,", 0.0: 0.9189453125%%, 1.0: 0.0341796875%%, 9.0: 0.001953125%%, 8.0: 0.0087890625%%, 2.0: 0.0029296875%%",3.3203125,"8,9",2.033271719038817,4.0,1.07421875,1.07421875
Q1221_2,ordinal,Physical hallucinations,", 0.0: 0.9609375%%, 8.0: 0.001953125%%, 1.0: 0.0029296875%%, 9.0: 0.0009765625%%",3.3203125,"8,9",0.5545286506469501,4.0,0.29296875,0.29296875
Q452_2,categorical,"One or more body parts appear paralyzed in whole or in part, or there is a sign of paralysis on one side of the face.",", 0.0: 0.9375%%, 1.0: 0.0283203125%%, 8.0: 0.0009765625%%",3.3203125,8,0.18484288354898332,3.0,,
Q31_2,categorical,States or indicates by gesture he/she does not know what year he/she was born,", 1.0: 0.0947265625%%, 0.0: 0.865234375%%, 9.0: 0.0048828125%%, 8.0: 0.001953125%%",3.3203125,"8,9",1.2939001848428835,3.0,,
Q641_2,ordinal,Feels indecisive,", 0.0: 0.8515625%%, 1.0: 0.0947265625%%, 2.0: 0.009765625%%, 8.0: 0.009765625%%, 9.0: 0.0009765625%%",3.3203125,"8,9",2.033271719038817,4.0,1.07421875,1.07421875
Q1171_2,ordinal,He/she finds it difficult to focus on entertainment material,", 0.0: 0.85546875%%, 9.0: 0.0029296875%%, 2.0: 0.01171875%%, 1.0: 0.091796875%%, 8.0: 0.0048828125%%",3.3203125,"8,9",1.478743068391867,4.0,0.78125,0.78125
Q611_2,ordinal,"Palpitations (i.e. patient is conscious of his/her heartbeat which is not due to exercise, but usually accompanied by anxiety.",", 0.0: 0.8818359375%%, 1.0: 0.0751953125%%, 2.0: 0.0029296875%%, 8.0: 0.0068359375%%",3.3203125,8,1.2939001848428835,4.0,0.68359375,0.68359375
Q1241_2,ordinal,"A bad taste, not necessarily due to hallucination, for example, bitter taste. ",", 0.0: 0.9580078125%%, 9.0: 0.001953125%%, 1.0: 0.005859375%%, 8.0: 0.0009765625%%",3.3203125,"8,9",0.5545286506469501,4.0,0.29296875,0.29296875
Q651_2,ordinal,The elderly seems confused ,", 0.0: 0.9013671875%%, 8.0: 0.0009765625%%, 1.0: 0.052734375%%, 2.0: 0.01171875%%",3.3203125,8,0.18484288354898332,4.0,1.26953125,1.26953125
Q612_2,ordinal,Trembling or tremulous feeling due to anxiety.,", 0.0: 0.9052734375%%, 1.0: 0.0517578125%%, 2.0: 0.0029296875%%, 8.0: 0.0068359375%%",3.3203125,8,1.2939001848428835,4.0,0.68359375,0.68359375
Q292_2,categorical,"is pessimistic, doesn’t see a future ahead/ the future is unbearable",", 0.0: 0.8681640625%%, 9.0: 0.001953125%%, 8.0: 0.0107421875%%, 1.0: 0.0859375%%",3.3203125,"8,9",2.4029574861367835,3.0,,
Q352_2,categorical,forgets were he/she puts stuff,", 0.0: 0.8291015625%%, 1.0: 0.111328125%%, 8.0: 0.005859375%%, 9.0: 0.0009765625%%, 2.0: 0.01953125%%",3.3203125,"8,9",1.2939001848428835,4.0,,
Q481_2,ordinal,Gets worn out or exhausted during daytime or evening,", 0.0: 0.6533203125%%, 1.0: 0.291015625%%, 2.0: 0.015625%%, 8.0: 0.0068359375%%",3.3203125,8,1.2939001848428835,4.0,0.68359375,0.68359375
Q1051_2,ordinal,Participant admits to feel annoyed (angry),", 0.0: 0.7705078125%%, 1.0: 0.1826171875%%, 2.0: 0.0107421875%%, 8.0: 0.0029296875%%",3.3203125,8,0.5545286506469501,4.0,0.29296875,0.29296875
Q1222_2,ordinal,"Illusions that involve sexual sensations, for example, from telepathy, an imaginary lover having sex with the participant during the night, etc.
(If the answer is positive, evaluate as ""yes, simple"" or  ""yes, severe"").",", 0.0: 0.95703125%%, 8.0: 0.0029296875%%, 1.0: 0.0029296875%%, 9.0: 0.00390625%%",3.3203125,"8,9",1.2939001848428835,4.0,0.68359375,0.68359375
Q613_2,ordinal,Other physical manifestations of anxiety,", 0.0: 0.9443359375%%, 1.0: 0.0126953125%%, 2.0: 0.0029296875%%, 8.0: 0.0068359375%%",3.3203125,8,1.2939001848428835,4.0,0.68359375,0.68359375
Q341_2,categorical,difficulties from his/her point of view; the memory problem is a true problem for him/her,", 0.0: 0.6474609375%%, 1.0: 0.2919921875%%, 8.0: 0.0068359375%%, 2.0: 0.0205078125%%",3.3203125,8,1.2939001848428835,4.0,,
Q221_2,ordinal,Have you cried at all? How often? Has cried:,", 0.0: 0.703125%%, 1.0: 0.2412109375%%, 9.0: 0.001953125%%, 8.0: 0.005859375%%, 2.0: 0.0146484375%%",3.3203125,"8,9",1.478743068391867,4.0,0.78125,0.78125
Q351_2,categorical,"forgets the names of friends, family or calls them with other names ",", 0.0: 0.87890625%%, 1.0: 0.0732421875%%, 8.0: 0.005859375%%, 2.0: 0.0087890625%%",3.3203125,8,1.1090573012939002,4.0,,
Q721_2,ordinal,Listlessness or subjective   restriction of energy.,", 0.0: 0.708984375%%, 1.0: 0.2294921875%%, 8.0: 0.00390625%%, 2.0: 0.0244140625%%",3.3203125,8,0.7393715341959335,4.0,0.390625,0.390625
Q111_2,categorical,observation: the participant speaks without a purpose. Did not get to the point being made,", 0.0: 0.9482421875%%, 9.0: 0.00390625%%, 1.0: 0.0146484375%%",3.3203125,9,0.7393715341959335,3.0,,
Q511_2,ordinal,loss or decreased appetite ,", 0.0: 0.8828125%%, 2.0: 0.0048828125%%, 1.0: 0.076171875%%, 8.0: 0.0029296875%%",3.3203125,8,0.5545286506469501,4.0,0.78125,0.78125
Q291_2,categorical,not pessimistic but doesn’t have something to do/wait for (lives day by day),", 0.0: 0.7900390625%%, 1.0: 0.1630859375%%, 8.0: 0.0126953125%%, 9.0: 0.0009765625%%",3.3203125,"8,9",2.5878003696857674,3.0,,
Q293_2,categorical,genenral status of hoplessness or depression,", 0.0: 0.875%%, 9.0: 0.0029296875%%, 8.0: 0.0107421875%%, 1.0: 0.078125%%",3.3203125,"8,9",2.5878003696857674,3.0,,
Q631_2,ordinal,Feeling confused,", 0.0: 0.845703125%%, 1.0: 0.09765625%%, 8.0: 0.0146484375%%, 2.0: 0.0087890625%%",3.3203125,8,2.7726432532347505,4.0,1.46484375,1.46484375
Q1211_2,ordinal,Baffled by something strange happening,", 0.0: 0.958984375%%, 9.0: 0.0029296875%%, 8.0: 0.001953125%%, 1.0: 0.0029296875%%",3.3203125,"8,9",0.9242144177449167,4.0,0.48828125,0.48828125
Q1233_2,ordinal,"The participant claims to be farting. (If the answer is positive, evaluate it as ""yes, simple"" or ""yes, severe"")",", 0.0: 0.9609375%%, 9.0: 0.0029296875%%, 8.0: 0.001953125%%, 1.0: 0.0009765625%%",3.3203125,"8,9",0.9242144177449167,4.0,0.48828125,0.48828125
Q211_2,ordinal,depressed mood,", 0.0: 0.6875%%, 1.0: 0.2548828125%%, 2.0: 0.0205078125%%, 8.0: 0.00390625%%",3.3203125,8,0.7393715341959335,4.0,0.390625,0.390625
Q621_2,ordinal,Subjective slowing in thinking.,", 0.0: 0.802734375%%, 8.0: 0.013671875%%, 1.0: 0.1396484375%%, 2.0: 0.0107421875%%",3.3203125,8,2.5878003696857674,4.0,1.3671875,1.3671875
Q731_2,ordinal,"Move less than usual.

",", 1.0: 0.220703125%%, 0.0: 0.716796875%%, 2.0: 0.02734375%%, 8.0: 0.001953125%%",3.3203125,8,0.3696857670979667,4.0,0.1953125,0.1953125
Q361_2,categorical,needs to make more efforts to remember things,", 0.0: 0.6767578125%%, 1.0: 0.2783203125%%, 8.0: 0.009765625%%, 9.0: 0.001953125%%",3.3203125,"8,9",2.2181146025878005,3.0,,
IRHOME_2,categorical,did the interview take place in the participant's home,", 1.0: 0.6669921875%%, 0.0: 0.298828125%%, 9.0: 0.0009765625%%",3.3203125,9,0.18484288354898332,3.0,,
Q644_2,ordinal,Lack of self-confidence,", 0.0: 0.912109375%%, 9.0: 0.0029296875%%, 1.0: 0.0380859375%%, 8.0: 0.0087890625%%, 2.0: 0.0048828125%%",3.3203125,"8,9",2.2181146025878005,4.0,1.171875,1.171875
Q11_2,categorical,Cannot repeat interviewer’s name correctly even after three repetitions,", 1.0: 0.111328125%%, 0.0: 0.8505859375%%, 9.0: 0.0048828125%%",3.3203125,9,0.9242144177449167,3.0,,
Q294_2,categorical,the circumstances of the participant explains the pessimism,", 0.0: 0.8505859375%%, 9.0: 0.005859375%%, 8.0: 0.0107421875%%, 1.0: 0.099609375%%",3.3203125,"8,9",3.1423290203327165,3.0,,
Q931_2,categorical,There are people like this,", 1.0: 0.03515625%%, 0.0: 0.9267578125%%, 8.0: 0.00390625%%, 9.0: 0.0009765625%%",3.3203125,"8,9",0.9242144177449167,3.0,,
Q1232_2,ordinal,"Hallucinations are related to smell, for example the participant smells an odor or gas in the room, etc. which is not really present. (If the answer is positive, evaluate it as ""yes, simple"" or ""yes, severe"")",", 0.0: 0.9599609375%%, 9.0: 0.001953125%%, 1.0: 0.0029296875%%, 8.0: 0.001953125%%",3.3203125,"8,9",0.7393715341959335,4.0,0.390625,0.390625
Q21_2,categorical,Cannot spell both his/her first and last names correctly,", 1.0: 0.076171875%%, 0.0: 0.8095703125%%, 9.0: 0.0791015625%%, 8.0: 0.001953125%%",3.3203125,"8,9",15.341959334565619,3.0,,
Q191_2,ordinal,subjective fear or anxiety our of proportion to the event if any that provoked the feeling.,", 0.0: 0.83203125%%, 1.0: 0.1220703125%%, 2.0: 0.0107421875%%, 8.0: 0.001953125%%",3.3203125,8,0.3696857670979667,4.0,1.26953125,1.26953125
Q1052_2,ordinal,Feeling disturbed for most of the days during at least two weeks last month,", 0.0: 0.9052734375%%, 1.0: 0.0498046875%%, 2.0: 0.0087890625%%, 8.0: 0.0029296875%%",3.3203125,8,0.5545286506469501,4.0,1.171875,1.171875
Q391_2,categorical,does not remember the name of the past prime minister (if wrong give the right answer: Najib Mikati) ,", 1.0: 0.2900390625%%, 0.0: 0.6728515625%%, 8.0: 0.0009765625%%, 9.0: 0.0029296875%%",3.3203125,"8,9",0.7393715341959335,3.0,,
Q401_2,ordinal,the interviewer's believes that the elderly has a memory problem,", 0.0: 0.701171875%%, 1.0: 0.2197265625%%, 2.0: 0.0458984375%%",3.3203125,,0.0,4.0,0.0,0.0
Q41_2,categorical,States or indicates by  gesture he/she does not know how old he/she is,", 0.0: 0.888671875%%, 1.0: 0.072265625%%, 9.0: 0.005859375%%",3.3203125,9,1.1090573012939002,3.0,,
Q501_2,ordinal,describe the headache,", 0.0: 0.8076171875%%, 1.0: 0.146484375%%, 9.0: 0.001953125%%, 2.0: 0.0078125%%, 8.0: 0.0029296875%%",3.3203125,"8,9",0.9242144177449167,4.0,0.48828125,0.48828125
Q1751_2,ordinal,"rate of speech: Extremely rapid speech, but can be interrupted.",", 0.0: 0.955078125%%, 1.0: 0.009765625%%, 9.0: 0.001953125%%, 2.0: 0.0029296875%%",3.02734375,9,0.3696857670979667,4.0,0.48828125,0.48828125
Q1752_2,ordinal,"Pressure of speech:  too many words, rapid and keeps resisting interruption.",", 0.0: 0.9619140625%%, 1.0: 0.0048828125%%, 9.0: 0.001953125%%, 2.0: 0.0009765625%%",3.02734375,9,0.3696857670979667,4.0,0.29296875,0.29296875
Q18020_2,categorical,Other.,", 0.0: 0.96875%%, 9.0: 0.0009765625%%, 1.0: 0.0029296875%%",2.734375,9,0.18484288354898332,3.0,,
Q1671_2,ordinal,"UNCO-OPERATIVE, ETC.: Tries to start an argument.",", 0.0: 0.958984375%%, 9.0: 0.001953125%%, 1.0: 0.01171875%%",2.734375,9,0.3696857670979667,4.0,0.1953125,0.1953125
Q1781_2,ordinal,Judgment: Problems with memory are more prominent than problems with thinking i.e. more difficulty with remembering things than working things out.,", 0.0: 0.8154296875%%, 1.0: 0.1337890625%%, 9.0: 0.0009765625%%, 2.0: 0.0224609375%%",2.734375,9,0.18484288354898332,4.0,2.34375,2.34375
Q1661_2,ordinal,"OTHER AFFECT: Facetious:  silly jokes, flippant remarks.",", 0.0: 0.9638671875%%, 9.0: 0.001953125%%, 1.0: 0.0068359375%%",2.734375,9,0.3696857670979667,4.0,0.1953125,0.1953125
Q1811_2,ordinal,Rating,", 0.0: 0.8798828125%%, 3.0: 0.009765625%%, 2.0: 0.0341796875%%, 1.0: 0.048828125%%",2.734375,,0.0,4.0,4.39453125,4.39453125
Q1705_2,ordinal,Obvious evidence of paralysis or stroke.,", 0.0: 0.953125%%, 9.0: 0.0078125%%, 1.0: 0.0078125%%, 2.0: 0.0048828125%%",2.63671875,9,1.478743068391867,4.0,0.78125,0.78125
Q17922_2,categorical,"Patient appears generally sleepy, but does not actually fall asleep.",", 0.0: 0.96875%%, 8.0: 0.0009765625%%, 9.0: 0.001953125%%, 1.0: 0.001953125%%",2.63671875,"8,9",0.5545286506469501,3.0,,
Q1704_2,ordinal,Obvious abnormality of walking.,", 0.0: 0.9267578125%%, 9.0: 0.0205078125%%, 1.0: 0.025390625%%, 2.0: 0.0009765625%%",2.63671875,9,3.8817005545286505,4.0,2.05078125,2.05078125
Q1796_2,categorical,Deafness - severe.,", 0.0: 0.9658203125%%, 9.0: 0.001953125%%, 1.0: 0.005859375%%",2.63671875,9,0.3696857670979667,3.0,,
Q18014_2,categorical,Withdrawal or apparent apathy possibly due to indifference OR to deep depression.,", 0.0: 0.9619140625%%, 9.0: 0.0009765625%%, 1.0: 0.0107421875%%",2.63671875,9,0.18484288354898332,3.0,,
Q1755_2,ordinal,Long pauses before replying a characteristic feature.,", 0.0: 0.943359375%%, 1.0: 0.0283203125%%, 9.0: 0.0009765625%%, 2.0: 0.0009765625%%",2.63671875,9,0.18484288354898332,4.0,0.1953125,0.1953125
Q1641_2,ordinal,Uncontrollable short bouts of crying.,", 0.0: 0.939453125%%, 9.0: 0.001953125%%, 1.0: 0.0263671875%%, 2.0: 0.005859375%%",2.63671875,9,0.3696857670979667,4.0,0.78125,0.78125
Q1803_2,categorical,"Incoherent in clear consciousness (e.g. not sleepy) i.e. irrelevant or bizarre or random answers, disjointed ideas, gibberish, neologisms, perseveration, flight of ideas.",", 0.0: 0.95703125%%, 9.0: 0.0009765625%%, 1.0: 0.015625%%",2.63671875,9,0.18484288354898332,3.0,,
Q1802_2,categorical,"Memory defect (dubious) e.g. hazy recall, unconvincingly claims not to remember, makes little attempt to recall.",", 0.0: 0.9296875%%, 9.0: 0.0009765625%%, 1.0: 0.04296875%%",2.63671875,9,0.18484288354898332,3.0,,
Q1703_2,ordinal,"Parkinsonian movements (characteristic repeated regular tremor of the hands at rest.  Described as 'pill rolling', as if the interviewee was rolling a pill between the thumb and finger tips).",", 0.0: 0.962890625%%, 9.0: 0.001953125%%, 2.0: 0.0009765625%%, 1.0: 0.0078125%%",2.63671875,9,0.3696857670979667,4.0,0.29296875,0.29296875
Q17911_2,categorical,Other.,", 0.0: 0.970703125%%, 9.0: 0.001953125%%, 1.0: 0.0009765625%%",2.63671875,9,0.3696857670979667,3.0,,
Q18019_2,categorical,Distractibility (interviewee's attention is frequently drawn to trivial and irrelevant events in the environment).,", 0.0: 0.955078125%%, 1.0: 0.017578125%%, 9.0: 0.0009765625%%",2.63671875,9,0.18484288354898332,3.0,,
Q17912_2,categorical,Low intelligence.,", 0.0: 0.96484375%%, 1.0: 0.0068359375%%, 9.0: 0.001953125%%",2.63671875,9,0.3696857670979667,3.0,,
Q17920_2,categorical,"Interview conditions unfavourable, e.g. noisy, distracting environment.",", 0.0: 0.966796875%%, 9.0: 0.001953125%%, 1.0: 0.0048828125%%",2.63671875,9,0.3696857670979667,3.0,,
Q17910_2,categorical,Weakness - severe.,", 0.0: 0.96484375%%, 9.0: 0.001953125%%, 1.0: 0.0068359375%%",2.63671875,9,0.3696857670979667,3.0,,
Q1791_2,categorical,Foreign language e.g. poor command of language in which interview is conducted interpreter required.,", 0.0: 0.96875%%, 1.0: 0.0029296875%%, 8.0: 0.0009765625%%, 9.0: 0.0009765625%%",2.63671875,"8,9",0.3696857670979667,3.0,,
Q1741_2,ordinal,Vague quality to speech.  No completion of a thought or idea.,", 0.0: 0.939453125%%, 1.0: 0.0224609375%%, 9.0: 0.0029296875%%, 2.0: 0.0087890625%%",2.63671875,9,0.5545286506469501,4.0,1.171875,1.171875
Q1771_2,ordinal,"Perseveration: Repeats answer inappropriately
e.g.      Question:  Weekday?
            Response: Tuesday
            Questions:  Month?
            Response:   Tuesday",", 0.0: 0.953125%%, 9.0: 0.001953125%%, 2.0: 0.0068359375%%, 1.0: 0.01171875%%",2.63671875,9,0.3696857670979667,4.0,0.87890625,0.87890625
Q1702_2,ordinal,"Athetoid movements (continuous, purposeless, slow writhing movements of tongue, jaws or limbs).",", 0.0: 0.966796875%%, 9.0: 0.001953125%%, 1.0: 0.0048828125%%",2.63671875,9,0.3696857670979667,4.0,0.1953125,0.1953125
Q1701_2,ordinal,"Choreiform movements (continuous, purposeless, jerky, involuntary movements of the head, body or limbs while at rest)",", 0.0: 0.96875%%, 9.0: 0.001953125%%, 1.0: 0.0029296875%%",2.63671875,9,0.3696857670979667,4.0,0.1953125,0.1953125
Q1652_2,ordinal,Infectious gaiety.,", 0.0: 0.96484375%%, 1.0: 0.0068359375%%, 9.0: 0.001953125%%",2.63671875,9,0.3696857670979667,4.0,0.1953125,0.1953125
Q1651_2,ordinal,"Elated, euphoric, even though perhaps changing to irritability or depression.",", 0.0: 0.96484375%%, 1.0: 0.0068359375%%, 9.0: 0.001953125%%",2.63671875,9,0.3696857670979667,4.0,0.1953125,0.1953125
Q1642_2,ordinal,Uncontrollable short bouts of laughing.,", 0.0: 0.9638671875%%, 9.0: 0.001953125%%, 1.0: 0.0078125%%",2.63671875,9,0.3696857670979667,4.0,0.1953125,0.1953125
Q1801_2,categorical,"Memory defect (clear-cut) e.g. disorientated, gross memory loss, clear-cut blackout, etc.",", 0.0: 0.921875%%, 9.0: 0.0009765625%%, 8.0: 0.0009765625%%, 1.0: 0.0498046875%%",2.63671875,"8,9",0.3696857670979667,3.0,,
Q1634_2,ordinal,No appropriate emotion shown when delusional or normal material is discussed which would usually bring out emotion,", 0.0: 0.9521484375%%, 9.0: 0.001953125%%, 2.0: 0.0048828125%%, 1.0: 0.0146484375%%",2.63671875,9,0.3696857670979667,4.0,0.68359375,0.68359375
Q1635_2,ordinal,"Uniform blunting of mood, 
whatever the tone of conversation (indifference, apathetic acceptance).",", 0.0: 0.94140625%%, 1.0: 0.0234375%%, 9.0: 0.001953125%%, 2.0: 0.0068359375%%",2.63671875,9,0.3696857670979667,4.0,0.87890625,0.87890625
Q1804_2,categorical,Keeps referring to delusions or hallucinations.,", 0.0: 0.970703125%%, 9.0: 0.0009765625%%, 1.0: 0.001953125%%",2.63671875,9,0.18484288354898332,3.0,,
Q1805_2,categorical,Incorporates interviewer in delusions.,", 0.0: 0.97265625%%, 9.0: 0.0009765625%%",2.63671875,9,0.18484288354898332,3.0,,
Q1807_2,categorical,Speaks coherently to self; speaks to voices.,", 0.0: 0.97265625%%, 9.0: 0.0009765625%%",2.63671875,9,0.18484288354898332,3.0,,
Q1753_2,ordinal,"Flight of ideas:  one idea suggests another in rapid succession, so that patient is soon far from the point, e.g.
Question:  
WHAT IS THE TIME?
Response:  
IT IS THREE O'CLOCK BY MY H. SAMUEL EVERRIGHT GOLD WATCH, BUT IT IS NOT ON THE GOLD STANDARD, WAVE 
THE FLAGS A LIFE ON THE BRINY WAVE.",", 0.0: 0.9580078125%%, 1.0: 0.009765625%%, 9.0: 0.001953125%%, 2.0: 0.00390625%%",2.63671875,9,0.3696857670979667,4.0,0.5859375,0.5859375
Q18016_2,categorical,Lack of insight.  Total denial of symptoms or illness.,", 0.0: 0.9609375%%, 9.0: 0.0009765625%%, 1.0: 0.01171875%%",2.63671875,9,0.18484288354898332,3.0,,
Q18015_2,categorical,"Over talkative, but not pressure of speech.",", 0.0: 0.9560546875%%, 1.0: 0.0166015625%%, 9.0: 0.0009765625%%",2.63671875,9,0.18484288354898332,3.0,,
Q1795_2,categorical,Dysarthria (due to speech organs) e.g. coarse tremor of the tongue or paralysis of vocal chords.,", 0.0: 0.96484375%%, 9.0: 0.001953125%%, 1.0: 0.0068359375%%",2.63671875,9,0.3696857670979667,3.0,,
Q1706_2,ordinal,"Obvious evidence of physical abnormality of the legs like arthritis, amputation, or gross swelling.",", 0.0: 0.9296875%%, 1.0: 0.03125%%, 9.0: 0.0068359375%%, 2.0: 0.005859375%%",2.63671875,9,1.2939001848428835,4.0,0.68359375,0.68359375
Q18017_2,categorical,"Excited or agitated or obviously elated (cannot sit still, or frequently interrupts with fatuous jokes or remarks).",", 0.0: 0.96484375%%, 9.0: 0.0009765625%%, 1.0: 0.0078125%%",2.63671875,9,0.18484288354898332,3.0,,
Q18018_2,categorical,Pre-occupied with inner experiences which are not vocalised (unspecified pre-occupation).,", 0.0: 0.96875%%, 9.0: 0.0009765625%%, 1.0: 0.00390625%%",2.63671875,9,0.18484288354898332,3.0,,
Q1806_2,categorical,Posturing (maintains an unusual or odd position of any part of the body repeatedly or for several minutes at a time) bizarre behaviour.,", 0.0: 0.9716796875%%, 9.0: 0.0009765625%%, 1.0: 0.0009765625%%",2.63671875,9,0.18484288354898332,3.0,,
Q18012_2,categorical,Mutism not specified as due to physical defect.,", 0.0: 0.9716796875%%, 9.0: 0.0009765625%%, 1.0: 0.0009765625%%",2.63671875,9,0.18484288354898332,3.0,,
Q1754_2,ordinal,Speech very slow.  Distinct pauses between words.,", 0.0: 0.9404296875%%, 9.0: 0.001953125%%, 1.0: 0.03125%%",2.63671875,9,0.3696857670979667,4.0,0.1953125,0.1953125
Q1808_2,categorical,Cries uncontrollably.,", 0.0: 0.966796875%%, 9.0: 0.0009765625%%, 1.0: 0.005859375%%",2.63671875,9,0.18484288354898332,3.0,,
Q1792_2,categorical,Unclear dialect or accent.,", 0.0: 0.9638671875%%, 9.0: 0.001953125%%, 1.0: 0.0078125%%",2.63671875,9,0.3696857670979667,3.0,,
Q1633_2,ordinal,No gesture accompanying speech,", 0.0: 0.94140625%%, 1.0: 0.02734375%%, 9.0: 0.0009765625%%, 2.0: 0.00390625%%",2.63671875,9,0.18484288354898332,4.0,0.48828125,0.48828125
Q1632_2,ordinal,Monotonous VOICE.  No play of expression in conversation.,", 0.0: 0.9189453125%%, 1.0: 0.0478515625%%, 9.0: 0.0009765625%%, 2.0: 0.005859375%%",2.63671875,9,0.18484288354898332,4.0,0.68359375,0.68359375
Q1631_2,ordinal,Face without expression. Does not show expressions during conversation.,", 0.0: 0.9306640625%%, 9.0: 0.0009765625%%, 1.0: 0.037109375%%, 2.0: 0.0048828125%%",2.63671875,9,0.18484288354898332,4.0,0.5859375,0.5859375
Q18013_2,categorical,Suspicious.  Negativistic (clearly does the opposite of what the interviewer asks or expects).,", 0.0: 0.970703125%%, 1.0: 0.001953125%%, 9.0: 0.0009765625%%",2.63671875,9,0.18484288354898332,3.0,,
Q18011_2,categorical,Other.,", 0.0: 0.97265625%%, 9.0: 0.0009765625%%",2.63671875,9,0.18484288354898332,3.0,,
Q18010_2,categorical,Gross suspiciousness.,", 0.0: 0.970703125%%, 9.0: 0.0009765625%%, 1.0: 0.001953125%%",2.63671875,9,0.18484288354898332,3.0,,
Q1809_2,categorical,"Pressure of speech (cannot be interrupted in the usual manner, talks the interviewer down).",", 0.0: 0.9716796875%%, 9.0: 0.0009765625%%, 1.0: 0.0009765625%%",2.63671875,9,0.18484288354898332,3.0,,
Q1798_2,categorical,Stuttering.,", 0.0: 0.9541015625%%, 9.0: 0.001953125%%, 1.0: 0.017578125%%",2.63671875,9,0.3696857670979667,3.0,,
TRIALNO_2,numeric,number of trials needed by participant to remember all 3 words,", 8.0: 0.0009765625%%, 3.0: 0.1806640625%%, 2.0: 0.14453125%%, 1.0: 0.4609375%%, 97.0: 0.0009765625%%, 0.0: 0.00390625%%, 4.0: 0.103515625%%, 6.0: 0.0302734375%%, 5.0: 0.048828125%%",2.5390625,,0.0,,0.09765625,0.09765625
PENTAG_2,categorical,score of drawing the pentagones,", 0.0: 0.7216796875%%, 1.0: 0.25390625%%",2.44140625,,0.0,1.0,,
CIRCLE_2,categorical,score of drawing the circle,", 1.0: 0.609375%%, 0.0: 0.3662109375%%",2.44140625,,0.0,1.0,,
PAPER_2,numeric,score of paper folding/ handling,", 3.0: 0.7646484375%%, 2.0: 0.162109375%%, 0.0: 0.0234375%%, 1.0: 0.025390625%%",2.44140625,,0.0,,2.34375,2.34375
STORY_2,ordinal,score of repeating story,", 6.0: 0.2392578125%%, 5.0: 0.1396484375%%, 2.0: 0.0849609375%%, 1.0: 0.0302734375%%, 4.0: 0.2314453125%%, 3.0: 0.2041015625%%, 0.0: 0.0458984375%%",2.44140625,,0.0,,0.0,0.0
HAMMER_2,categorical,what is the function of a hammer,", 1.0: 0.9521484375%%, 0.0: 0.0244140625%%",2.34375,,0.0,1.0,,
SHOULD_2,categorical,what is this called (interviewer shows a shoulder),", 1.0: 0.9599609375%%, 0.0: 0.0166015625%%",2.34375,,0.0,1.0,,
ELBOW_2,categorical,what is this called (interviewer shows an elbow),", 1.0: 0.9580078125%%, 0.0: 0.0185546875%%",2.34375,,0.0,1.0,,
LEARN1_2,numeric,please repeat the words you can remember (first trial),", 7.0: 0.0634765625%%, 777.0: 0.0009765625%%, 66.0: 0.0029296875%%, 8.0: 0.013671875%%, 3.0: 0.1728515625%%, 6.0: 0.1259765625%%, 4.0: 0.171875%%, 5.0: 0.193359375%%, 35.0: 0.0009765625%%, 0.0: 0.072265625%%, 1.0: 0.052734375%%, 2.0: 0.0908203125%%, 33.0: 0.001953125%%, 9.0: 0.00390625%%, 76.0: 0.0009765625%%, 53.0: 0.0009765625%%, 56.0: 0.0009765625%%, 22.0: 0.0009765625%%, 24.0: 0.0009765625%%, 10.0: 0.00390625%%",2.34375,"22,24,33,35,53,56,66,76,777",2.2181146025878005,10.0,0.09765625,0.09765625
Chin_2,categorical,what is this called (interviewer shows a chin),", 1.0: 0.9619140625%%, 0.0: 0.0146484375%%",2.34375,,0.0,1.0,,
WATCH_2,categorical,what is this called (interviewer shows a watch),", 1.0: 0.96875%%, 0.0: 0.0078125%%",2.34375,,0.0,1.0,,
SHOES_2,categorical,what is this called (interviewer shows a shoe),", 1.0: 0.962890625%%, 0.0: 0.013671875%%",2.34375,,0.0,1.0,,
CHAIR_2,categorical,what is this called (interviewer shows a chair),", 1.0: 0.962890625%%, 0.0: 0.013671875%%",2.34375,,0.0,1.0,,
ANIMALS_2,categorical,participant was able to mention the names of the animals during the one minute provided,", 0.0: 0.0322265625%%, 1.0: 0.2109375%%, 13.0: 0.01953125%%, 21.0: 0.0068359375%%, 35.0: 0.001953125%%, 15.0: 0.029296875%%, 27.0: 0.001953125%%, 20.0: 0.0126953125%%, 16.0: 0.0205078125%%, 7.0: 0.0517578125%%, 19.0: 0.015625%%, 17.0: 0.013671875%%, 14.0: 0.017578125%%, 5.0: 0.0771484375%%, 8.0: 0.0712890625%%, 12.0: 0.048828125%%, 6.0: 0.1142578125%%, 9.0: 0.0400390625%%, 3.0: 0.0185546875%%, 22.0: 0.005859375%%, 10.0: 0.0703125%%, 2.0: 0.013671875%%, 11.0: 0.01953125%%, 18.0: 0.005859375%%, 4.0: 0.0439453125%%, 24.0: 0.0029296875%%, 34.0: 0.0009765625%%, 23.0: 0.0029296875%%, 28.0: 0.0009765625%%, 32.0: 0.0009765625%%, 40.0: 0.0009765625%%, 30.0: 0.001953125%%, 26.0: 0.0009765625%%",2.34375,"11,12,13,14,15,16,17,18,19,20,21,22,23,24,26,27,28,30,32,34,35,40",43.99260628465805,10.0,,
PENCIL_2,categorical,what is this called (interviewer shows a pencil),", 1.0: 0.96875%%, 0.0: 0.0078125%%",2.34375,,0.0,1.0,,
LONGMEM_2,categorical,what was the name of the elected president who was assasinated during the israeli occupation in 1982,", 0.0: 0.41015625%%, 1.0: 0.56640625%%",2.34375,,0.0,1.0,,
REPEAT_2,categorical,please repeat this proverb (it might be difficult to pronounce for some),", 1.0: 0.720703125%%, 0.0: 0.255859375%%",2.34375,,0.0,1.0,,
NRECALL_2,categorical,do you remember my name (interviewer's),", 1.0: 0.787109375%%, 0.0: 0.189453125%%",2.34375,,0.0,1.0,,
WORDIMM_2,categorical,"3-word list recall (boat, house, fish)",", 3.0: 0.6865234375%%, 2.0: 0.1884765625%%, 1.0: 0.05859375%%, 0.0: 0.04296875%%",2.34375,,0.0,3.0,,
TOWN_2,categorical,what is the name of this city/village you are currently living in,", 1.0: 0.927734375%%, 0.0: 0.048828125%%",2.34375,,0.0,1.0,,
CHIEF_2,categorical,what is the name of the current president,", 1.0: 0.7138671875%%, 0.0: 0.2626953125%%",2.34375,,0.0,1.0,,
STREET_2,categorical,give me the names of 2 streets near your home,", 1.0: 0.8681640625%%, 0.0: 0.1083984375%%",2.34375,,0.0,1.0,,
STORE_2,categorical,where is the local market shop located,", 1.0: 0.89453125%%, 0.0: 0.08203125%%",2.34375,,0.0,1.0,,
ADDRESS_2,categorical,what is your homeaddress,", 1.0: 0.93359375%%, 0.0: 0.04296875%%",2.34375,,0.0,1.0,,
WORDDEL_2,categorical,do you remember the 3 word-list,", 3.0: 0.3095703125%%, 2.0: 0.2763671875%%, 1.0: 0.126953125%%, 0.0: 0.263671875%%",2.34375,,0.0,3.0,,
MONTH_2,categorical,In what month are we,", 1.0: 0.81640625%%, 0.0: 0.16015625%%",2.34375,,0.0,1.0,,
YEAR_2,categorical,in what year are we,", 1.0: 0.7373046875%%, 0.0: 0.2392578125%%",2.34375,,0.0,1.0,,
SEASON_2,categorical,in what season are we,", 1.0: 0.841796875%%, 0.0: 0.134765625%%",2.34375,,0.0,1.0,,
NOD_2,categorical,please move your head as if you are giving a nod,", 1.0: 0.95703125%%, 0.0: 0.01953125%%",2.34375,,0.0,1.0,,
POINT_2,categorical,can you point out to the window and the door in this room,", 1.0: 0.95703125%%, 0.0: 0.01953125%%",2.34375,,0.0,1.0,,
RECALL_2,numeric,number of words remembered correctly,", 7.0: 0.1083984375%%, 5.0: 0.177734375%%, 6.0: 0.1669921875%%, 1.0: 0.03515625%%, 8.0: 0.0244140625%%, 3.0: 0.10546875%%, 31.0: 0.0009765625%%, 4.0: 0.162109375%%, 0.0: 0.115234375%%, 2.0: 0.0654296875%%, 9.0: 0.009765625%%, 83.0: 0.0009765625%%, 10.0: 0.00390625%%",2.34375,,0.0,,0.1953125,0.1953125
CHEMIST_2,categorical,where do we go to buy medicine/drugs,", 1.0: 0.947265625%%, 0.0: 0.029296875%%",2.34375,,0.0,1.0,,
PRAY_2,categorical,what do people do at the church/ mosque,", 1.0: 0.95703125%%, 0.0: 0.01953125%%",2.34375,,0.0,1.0,,
LEARN2_2,numeric,please repeat the words you can remember (second trial),", 88.0: 0.0009765625%%, 76.0: 0.001953125%%, 688.0: 0.0009765625%%, 7.0: 0.1025390625%%, 8.0: 0.044921875%%, 3.0: 0.1015625%%, 66.0: 0.0009765625%%, 6.0: 0.2119140625%%, 4.0: 0.1435546875%%, 5.0: 0.21484375%%, 0.0: 0.0634765625%%, 2.0: 0.060546875%%, 9.0: 0.0078125%%, 1.0: 0.017578125%%, 54.0: 0.0009765625%%, 45.0: 0.0009765625%%, 10.0: 0.0009765625%%",2.34375,"45,54,66,76,88,688",1.2939001848428835,10.0,0.390625,0.390625
LEARN3_2,numeric,please repeat the words you can remember (third trial),", 8.0: 0.0869140625%%, 7.0: 0.16015625%%, 6.0: 0.2060546875%%, 10.0: 0.013671875%%, 3.0: 0.0654296875%%, 5.0: 0.17578125%%, 9.0: 0.025390625%%, 4.0: 0.1171875%%, 0.0: 0.0625%%, 2.0: 0.0517578125%%, 1.0: 0.01171875%%",2.34375,,0.0,10.0,0.0,0.0
NAME_2,categorical,my name is x can you please repeat it,", 1.0: 0.912109375%%, 0.0: 0.064453125%%",2.34375,,0.0,1.0,,
REASON_2,categorical,Have you noticed a change in his/her ability to think and reason?,", 0.0: 0.8408203125%%, 1.0: 0.1318359375%%, 98.0: 0.009765625%%, 99.0: 0.0009765625%%",1.66015625,"98,99",2.033271719038817,2.0,,
MISTAKE_2,boolean,Does he/she ever mistake you (or other family or friends) for someone else? ,", 0.0: 0.908203125%%, 1.0: 0.0751953125%%",1.66015625,,0.0,,,
DRESS_2,ordinal,Does he/she have difficulty dressing?,", 0.0: 0.92578125%%, 3.0: 0.033203125%%, 1.0: 0.021484375%%, 2.0: 0.0048828125%%",1.46484375,,0.0,5.0,3.80859375,3.80859375
LOSTIN_2,ordinal,"Does he/she get lost at home, e.g finding the toilet?",", 0.0: 0.9521484375%%, 0.5: 0.009765625%%, 1.0: 0.015625%%, 2.0: 0.0087890625%%",1.3671875,,0.0,5.0,2.44140625,2.44140625
TOILET_2,ordinal,Does he/she have difficulty using the toilet? Does he/she wet or soil him/herself?,", 0.0: 0.958984375%%, 1.0: 0.0087890625%%, 3.0: 0.0146484375%%, 2.0: 0.0048828125%%",1.26953125,,0.0,4.0,1.953125,1.953125
LASTSEE_2,ordinal,Does he/she forget when he/she last saw you?,", 0.0: 0.8359375%%, 0.5: 0.033203125%%, 1.0: 0.0654296875%%, 0.0001: 0.005859375%%, 2.0: 0.046875%%",1.26953125,,0.0,5.0,4.6875,4.6875
PAST_2,ordinal,Does he/she tend to talk about what happened long ago rather than the present?,", 0.5: 0.025390625%%, 0.0: 0.8564453125%%, 1.0: 0.06640625%%, 0.0001: 0.0029296875%%, 2.0: 0.0361328125%%",1.26953125,,0.0,5.0,3.61328125,3.61328125
LASTDAY_2,ordinal,Does he/she forget what happened the day before?,", 0.0: 0.8056640625%%, 0.5: 0.0263671875%%, 1.0: 0.099609375%%, 0.0001: 0.001953125%%, 2.0: 0.0537109375%%",1.26953125,,0.0,5.0,5.37109375,5.37109375
MENTAL_2,ordinal,Has there been a general decline in his/her mental functioning?  ,", 0.0: 0.8583984375%%, 1.0: 0.0927734375%%, 0.0001: 0.037109375%%",1.171875,,0.0,2.0,9.27734375,9.27734375
KEPT_2,ordinal,Does he/she forget where things are usually kept?,", 0.0: 0.6845703125%%, 0.5: 0.0625%%, 1.0: 0.193359375%%, 0.0001: 0.001953125%%, 2.0: 0.0458984375%%",1.171875,,0.0,5.0,4.58984375,4.58984375
MUDDLED_2,categorical,Does his/her thinking ever seem muddled?                    ,", 0.0: 0.81640625%%, 1.0: 0.169921875%%, 98.0: 0.0009765625%%, 99.0: 0.0009765625%%",1.171875,"98,99",0.3696857670979667,2.0,,
MEMORY_2,categorical,"We all have slight difficulties in remembering things as we get older, but has this been a particular problem for him/her?",", 1.0: 0.2724609375%%, 0.0: 0.7109375%%, 98.0: 0.0048828125%%",1.171875,98,0.9242144177449167,2.0,,
LOSTOUT_2,ordinal,Does he/she get lost in the community/road?,", 0.0: 0.9345703125%%, 1.0: 0.0263671875%%, 0.5: 0.0087890625%%, 2.0: 0.017578125%%, 99.0: 0.0009765625%%",1.171875,99,0.18484288354898332,5.0,0.09765625,0.09765625
MONEY_2,ordinal,Has there been a change in his/her ability to handle money?,", 0.0: 0.8515625%%, 0.5: 0.0126953125%%, 1.0: 0.0556640625%%, 0.0001: 0.0048828125%%, 2.0: 0.0625%%, 99.0: 0.0009765625%%",1.171875,99,0.18484288354898332,3.0,0.09765625,0.09765625
HOBBY_2,categorical,"Has there been a loss of a special skill or hobby he/she could manage before? 
",", 0.0: 0.8564453125%%, 1.0: 0.123046875%%, 98.0: 0.0068359375%%, 99.0: 0.001953125%%",1.171875,"98,99",1.6635859519408502,2.0,,
ACTIV_2,ordinal,"Have you seen a change in his/her daily activities in the past several years? 
",", 0.0001: 0.015625%%, 1.0: 0.2529296875%%, 0.0: 0.71875%%, 99.0: 0.0009765625%%",1.171875,99,0.18484288354898332,2.0,0.09765625,0.09765625
WORDFIND_2,ordinal,When speaking does he/she have difficulty saying the right words?,", 0.0: 0.89453125%%, 0.5: 0.0166015625%%, 0.0001: 0.00390625%%, 1.0: 0.056640625%%, 2.0: 0.0166015625%%",1.171875,,0.0,5.0,1.66015625,1.66015625
CONVERS_2,ordinal,Does he/she forget what he/she wanted to say in the middle of the conversation?,", 0.0: 0.8125%%, 0.5: 0.0361328125%%, 0.0001: 0.0078125%%, 1.0: 0.1015625%%, 2.0: 0.0302734375%%",1.171875,,0.0,5.0,3.02734375,3.02734375
CHANGE_2,ordinal,does he/she have difficulty in adjusting to change in her daily routine?,", 1.0: 0.052734375%%, 0.0: 0.88671875%%, 0.5: 0.0224609375%%, 0.0001: 0.0107421875%%, 2.0: 0.015625%%",1.171875,,0.0,5.0,1.5625,1.5625
WORDWRG_2,ordinal,Does he/she use the wrong words?,", 0.0: 0.9189453125%%, 0.0001: 0.001953125%%, 1.0: 0.044921875%%, 0.5: 0.0078125%%, 2.0: 0.0146484375%%",1.171875,,0.0,5.0,1.46484375,1.46484375
PUT_2,ordinal,Does he/she forget where he/she has put things?,", 0.0: 0.5673828125%%, 0.5: 0.0771484375%%, 1.0: 0.2744140625%%, 2.0: 0.0693359375%%",1.171875,,0.0,5.0,0.0,0.0
ORIENT_2,ordinal,Does he/she forget where he/she is?,", 0.0: 0.935546875%%, 0.5: 0.0078125%%, 1.0: 0.025390625%%, 2.0: 0.01953125%%",1.171875,,0.0,5.0,1.953125,1.953125
FEED_2,ordinal,Does he/she have difficulty feeding him/herself? ,", 0.0001: 0.0009765625%%, 0.0: 0.9560546875%%, 3.0: 0.0107421875%%, 2.0: 0.0029296875%%, 1.0: 0.017578125%%",1.171875,,0.0,4.0,1.3671875,1.3671875
CHORES_2,ordinal,"Does he/she have difficulty performing household chores that he/she is used to do, such as preparing food or boiling a pot of tea?",", 0.0: 0.88671875%%, 0.5: 0.0390625%%, 1.0: 0.0390625%%, 2.0: 0.0234375%%",1.171875,,0.0,5.0,2.34375,2.34375
FRDNAME_2,ordinal,Does he/she forget the names of friends?,", 0.0: 0.8212890625%%, 0.5: 0.0263671875%%, 0.0001: 0.00390625%%, 1.0: 0.099609375%%, 2.0: 0.037109375%%",1.171875,,0.0,5.0,3.7109375,3.7109375
FAMNAME_2,ordinal,Does he/she forget the names of members of the family?,", 0.0: 0.91796875%%, 0.5: 0.01171875%%, 0.0001: 0.001953125%%, 1.0: 0.0390625%%, 2.0: 0.017578125%%",1.171875,,0.0,5.0,1.7578125,1.7578125
