COLUMN,data_type,description,cat_options,val_range,min,max,distribution,perc_missing,perc_erroneous,erroneous,cut_off
CKINCOM_2/3,not found,not found,,not found,not found,not found,https://bitbucket.org/HiyamGh/dementia/src/master/distributions/CINCOME3.png,100.0,0.0,,
CKINCOM_2/2,not found,not found,,"1.0,3.0",1,3,https://bitbucket.org/HiyamGh/dementia/src/master/distributions/CINCOME2.png,99.51171875,0.0,,
Q1421_2,categorical,Suffered such effects from excessive drinking or stopping drinking.,"no,yes,no answer,not applicable ","0.0,1.0",0,1,https://bitbucket.org/HiyamGh/dementia/src/master/distributions/Q1421.png,99.4140625,0.0,,3
Q1431_2,categorical,Needs a drink,"no,yes,no answer,not applicable ","0.0,1.0",0,1,https://bitbucket.org/HiyamGh/dementia/src/master/distributions/Q1431.png,99.4140625,0.0,,3
Q1281_2,categorical,The visions were made at a time when the participant was fully awake,"no,yes,no answer,not applicable ","0.0,1.0,8.0",0,8,https://bitbucket.org/HiyamGh/dementia/src/master/distributions/Q1281.png,99.12109375,0.1848428835489834,8,3
Q1291_2,categorical,He/she thought it was real,"no,yes,no answer,not applicable ","0.0,1.0,8.0",0,8,https://bitbucket.org/HiyamGh/dementia/src/master/distributions/Q1291.png,99.12109375,0.1848428835489834,8,3
CKINCOM_2/7,not found,not found,,1.0,1,1,https://bitbucket.org/HiyamGh/dementia/src/master/distributions/CINCOME7.png,99.0234375,0.0,,
Q1001_2,ordinal,"The elderly believes that people are trying to make him/her angry, frustrated or exploit him/her.","no,yes simple,yes severe,no answer,not applicable ","0.0,1.0,2.0,9.0",0,9,https://bitbucket.org/HiyamGh/dementia/src/master/distributions/Q1001.png,98.6328125,0.1848428835489834,9,4
Q1002_2,ordinal,The elderly believes that people are trying to cause him serious physical harm or to kill him/her.,"no,yes simple,yes severe,no answer,not applicable ","0.0,1.0,2.0,9.0",0,9,https://bitbucket.org/HiyamGh/dementia/src/master/distributions/Q1002.png,98.6328125,0.1848428835489834,9,4
Q1012_2,categorical,"The elderly claims to be an ordinary person, known (celebraty) or unknown (not)","no,yes,no answer,not applicable ","0.0,1.0,9.0",0,9,https://bitbucket.org/HiyamGh/dementia/src/master/distributions/Q1012.png,98.6328125,0.3696857670979667,9,3
Q1011_2,categorical,"The elderly claims to be an official person or belonging to an organization (police, MI, KGB5 etc.)","no,yes,no answer,not applicable ","0.0,9.0",0,9,https://bitbucket.org/HiyamGh/dementia/src/master/distributions/Q1011.png,98.6328125,0.3696857670979667,9,3
Q1412_2,ordinal,Indicates that he/ she usually drinks alcohol for continuous periods every day (more than 3 hours),"no,yes simple,yes severe,no answer,not applicable ","0.0,1.0",0,1,https://bitbucket.org/HiyamGh/dementia/src/master/distributions/Q1412.png,98.4375,0.0,,4
Q1411_2,ordinal,Indicates that he/ she drinks alcohol on 4 occasions or more during separate times of the day,"no,yes simple,yes severe,no answer,not applicable ","0.0,1.0",0,1,https://bitbucket.org/HiyamGh/dementia/src/master/distributions/Q1411.png,98.33984375,0.0,,4
Q1401_2,ordinal,"Says that when alone, he/she drinks three or more alcoholic beverages sequentially (one after the other)","no,yes simple,yes severe,no answer,not applicable ","0.0,1.0",0,1,https://bitbucket.org/HiyamGh/dementia/src/master/distributions/Q1401.png,98.14453125,0.0,,4
CKINCOM_2/8,not found,not found,,1.0,1,1,https://bitbucket.org/HiyamGh/dementia/src/master/distributions/CINCOME8.png,98.046875,0.0,,
Q922_2,categorical,Elderly considers it true,"no,yes,no answer,not applicable ","0.0,1.0,8.0",0,8,https://bitbucket.org/HiyamGh/dementia/src/master/distributions/Q922.png,97.75390625,0.1848428835489834,8,3
Q921_2,categorical,It may not be true,"no,yes,no answer,not applicable ","0.0,1.0,8.0",0,8,https://bitbucket.org/HiyamGh/dementia/src/master/distributions/Q921.png,97.75390625,0.1848428835489834,8,3
Q923_2,categorical,Elderly is convinced that it is true,"no,yes,no answer,not applicable ","0.0,1.0,8.0",0,8,https://bitbucket.org/HiyamGh/dementia/src/master/distributions/Q923.png,97.75390625,0.1848428835489834,8,3
Q322_2,categorical,refused to be suicidal but wished for death because of feeling burdened by life,"no,yes,no answer,not applicable ","0.0,1.0,9.0",0,9,https://bitbucket.org/HiyamGh/dementia/src/master/distributions/Q322.png,97.55859375,0.1848428835489834,9,3
Q321_2,categorical,did attempt suicide ,"no,yes,no answer,not applicable ","0.0,1.0,9.0",0,9,https://bitbucket.org/HiyamGh/dementia/src/master/distributions/Q321.png,97.55859375,0.1848428835489834,9,3
Q312_2,ordinal,during the last year,"never,sometimes,no answer,not applicable ","0.0,1.0,9.0",0,9,https://bitbucket.org/HiyamGh/dementia/src/master/distributions/Q312.png,97.36328125,0.1848428835489834,9,3
Q313_2,ordinal,felt like wanting to die for at least 2 weeks in the past month,"never,sometimes,no answer,not applicable ","0.0,1.0,9.0",0,9,https://bitbucket.org/HiyamGh/dementia/src/master/distributions/Q313.png,97.36328125,0.1848428835489834,9,3
CKINCOM_2/1,not found,not found,,1.0,1,1,https://bitbucket.org/HiyamGh/dementia/src/master/distributions/CINCOME1.png,97.265625,0.0,,
CKINCOM_2/5,not found,not found,,1.0,1,1,https://bitbucket.org/HiyamGh/dementia/src/master/distributions/CINCOME5.png,96.875,0.0,,
Q471_2,ordinal,the elderly says that he/she had (or maybe had) a brain stroke in the past,"no,the interviewer believes it is possible but not for sure,the itnerviewer believes it is for sure,no answer,not applicable ","0.0,1.0,2.0",0,2,https://bitbucket.org/HiyamGh/dementia/src/master/distributions/Q471.png,96.6796875,0.0,,4
Q1021_2,categorical,It is unlikely to be true but possible,"no,yes,no answer,not applicable ","0.0,1.0,8.0",0,8,https://bitbucket.org/HiyamGh/dementia/src/master/distributions/Q1021.png,96.484375,0.1848428835489834,8,3
Q1302_2,ordinal,Feels with discontent that he/she does not deserve these experiences,"no,yes simple,yes severe,no answer,not applicable ","0.0,1.0,2.0,8.0",0,8,https://bitbucket.org/HiyamGh/dementia/src/master/distributions/Q1302.png,96.38671875,0.1848428835489834,8,4
Q1301_2,ordinal,Marked effective response,"no,the elderly talks only about his/her feelings,the elderly acts emotionally,no answer,not applicable ","0.0,1.0,2.0,8.0",0,8,https://bitbucket.org/HiyamGh/dementia/src/master/distributions/Q1301.png,96.38671875,0.1848428835489834,8,4
Q1303_2,categorical,"Feel that the experiences are a worthy punishment.

","no,the elderly feels that in general he/she deserves the trials/ experiences,the edlerly is sure enough that he/she deserves the experiences,no answer,not applicable ","0.0,2.0,8.0",0,8,https://bitbucket.org/HiyamGh/dementia/src/master/distributions/Q1303.png,96.38671875,0.1848428835489834,8,4
Q1304_2,ordinal,The interviewer seems indifferent or does not speak much about emotional reactions.,"no,yes simple,yes severe,no answer,not applicable ","0.0,1.0,8.0",0,8,https://bitbucket.org/HiyamGh/dementia/src/master/distributions/Q1304.png,96.38671875,0.1848428835489834,8,4
Q1022_2,categorical,"Mysterious, or almost certainly not true.","no,yes,no answer,not applicable ","0.0,1.0",0,1,https://bitbucket.org/HiyamGh/dementia/src/master/distributions/Q1022.png,96.38671875,0.0,,3
Q311_2,ordinal,during the last month,"never,sometimes,no answer,not applicable ","0.0,1.0,9.0",0,9,https://bitbucket.org/HiyamGh/dementia/src/master/distributions/Q311.png,96.2890625,0.1848428835489834,9,3
Q982_2,ordinal,Elderly says he/she deserves persecution.,"no,yes simple,yes severe,no answer,not applicable ","0.0,1.0,9.0",0,9,https://bitbucket.org/HiyamGh/dementia/src/master/distributions/Q982.png,96.2890625,0.1848428835489834,9,4
Q991_2,ordinal,"Do you think you could be mistaken?
Elderly does not believe he/she is mistaken","the elderly believes he/she is wrong ,the elderly does not believe that he/she is wrong, but hesitation in the answer was noted.,the elderly does not believe that he/she is wrong with no hesitation,no answer,not applicable ","0.0,1.0,2.0,9.0",0,9,https://bitbucket.org/HiyamGh/dementia/src/master/distributions/Q991.png,96.2890625,0.3696857670979667,9,5
Q1305_2,ordinal,"The content of delirium and / or hallucinations is annoying or oppressive, but does not provoke dissatisfaction thus it is compatible with depression.
","no,yes simple,yes severe,no answer,not applicable ","0.0,1.0,8.0",0,8,https://bitbucket.org/HiyamGh/dementia/src/master/distributions/Q1305.png,96.2890625,0.1848428835489834,8,4
Q1306_2,ordinal,"The content of delirium and / or hallucinations is fun, appreciative or great, and therefore fits in with the joyful mood.","no,yes simple,yes severe,no answer,not applicable ","0.0,1.0,8.0",0,8,https://bitbucket.org/HiyamGh/dementia/src/master/distributions/Q1306.png,96.2890625,0.1848428835489834,8,4
Q1307_2,categorical,Have there been hallucinations for a period of up to two weeks in the absence of clear symptoms of mood changes (ie before the appearance of symptoms or after they are gone),"no,yes,no answer,not applicable ","0.0,1.0,8.0",0,8,https://bitbucket.org/HiyamGh/dementia/src/master/distributions/Q1307.png,96.2890625,0.1848428835489834,8,3
Q971_2,ordinal,The elderly believes in an unrealistic way that people deliberately attempt to annoy or hurt him/her,"no,yes simple,yes severe,no answer,not applicable ","0.0,1.0,8.0,9.0",0,9,https://bitbucket.org/HiyamGh/dementia/src/master/distributions/Q971.png,96.2890625,0.3696857670979667,"8,9",4
Q981_2,ordinal,Elderly says he/she has a strong feeling about it,"no,yes simple,yes severe,no answer,not applicable ","0.0,1.0,9.0",0,9,https://bitbucket.org/HiyamGh/dementia/src/master/distributions/Q981.png,96.2890625,0.1848428835489834,9,4
Q952_2,categorical,"Elderly says ""it is their fault"", and the interviewer has no doubts.","no,yes,no answer,not applicable ","0.0,1.0,9.0",0,9,https://bitbucket.org/HiyamGh/dementia/src/master/distributions/Q952.png,96.09375,0.1848428835489834,9,3
Q961_2,ordinal,The elderly believes it is true,"no,yes simple,yes severe,no answer,not applicable ","0.0,1.0,2.0,9.0",0,9,https://bitbucket.org/HiyamGh/dementia/src/master/distributions/Q961.png,96.09375,0.1848428835489834,9,4
Q951_2,categorical,"Elderly says ""it is their fault"", but the interviewer has doubts.","no,yes,no answer,not applicable ","0.0,1.0,9.0",0,9,https://bitbucket.org/HiyamGh/dementia/src/master/distributions/Q951.png,96.09375,0.1848428835489834,9,3
NOCTURN,categorical,Is loss or delirium worse at night or dusk?,"At dusk,At night","0.0,1.0",0,1,https://bitbucket.org/HiyamGh/dementia/src/master/distributions/NOCTURN.png,95.8984375,0.0,,1
Q1582_2,ordinal,The eyes are wet: filled with tears or crying,"no,yes simple,yes severe,no answer,not applicable ","0.0,1.0,8.0",0,8,https://bitbucket.org/HiyamGh/dementia/src/master/distributions/Q1582.png,95.80078125,0.3696857670979667,8,4
Q1611_2,ordinal,Social disturbance: It seems by looking at / listening to the participant that he/she is skeptical for no real reason,"no,yes simple,yes severe,no answer,not applicable ","0.0,2.0",0,2,https://bitbucket.org/HiyamGh/dementia/src/master/distributions/Q1611.png,95.703125,0.0,,4
Q1602_2,ordinal,Difficulties in thinking: participant seems hesitant,"no,yes simple,yes severe,no answer,not applicable ","0.0,1.0,2.0",0,2,https://bitbucket.org/HiyamGh/dementia/src/master/distributions/Q1602.png,95.703125,0.0,,4
Q1601_2,ordinal,Difficulties in thinking: participant seems confused,"no,yes simple,yes severe,no answer,not applicable ","0.0,1.0,2.0",0,2,https://bitbucket.org/HiyamGh/dementia/src/master/distributions/Q1601.png,95.703125,0.0,,4
Q1591_2,ordinal,Slow: Very slow in all movements,"no,yes simple,yes severe,no answer,not applicable ","0.0,1.0,2.0",0,2,https://bitbucket.org/HiyamGh/dementia/src/master/distributions/Q1591.png,95.703125,0.0,,4
Q1621_2,ordinal,Focus: obvious difficulties in listening to the interview.,"no,yes simple,yes severe,no answer,not applicable ","0.0,1.0,2.0",0,2,https://bitbucket.org/HiyamGh/dementia/src/master/distributions/Q1621.png,95.703125,0.0,,4
Q1581_2,ordinal,It seems by looking at/ listening to the participant that he/she is sad or depressed,"no,yes simple,yes severe,no answer,not applicable ","0.0,1.0,2.0",0,2,https://bitbucket.org/HiyamGh/dementia/src/master/distributions/Q1581.png,95.703125,0.0,,4
NPIADV,categorical,Did the doctor or specialist give any advice?,"no,yes,don’t know ","0.0,1.0,98.0",0,98,https://bitbucket.org/HiyamGh/dementia/src/master/distributions/NPIADV.png,93.45703125,0.5545286506469501,98,2
NPIMED,categorical,Did the doctor or specialist prescribe any medication?,"no,yes,don’t know ","0.0,1.0,98.0",0,98,https://bitbucket.org/HiyamGh/dementia/src/master/distributions/NPIMED.png,93.45703125,0.3696857670979667,98,2
Q1153_2,ordinal,Lose interest or enjoyment most days for at least two weeks last month.,"no,yes simple,yes severe,no answer,not applicable ","0.0,1.0,2.0,8.0,9.0",0,9,https://bitbucket.org/HiyamGh/dementia/src/master/distributions/Q1153.png,90.4296875,0.7393715341959335,"8,9",4
Q1151_2,ordinal,Gradually declining interests / enjoyment over the years.,"no,yes simple,yes severe,no answer,not applicable ","0.0,1.0,2.0,8.0,9.0",0,9,https://bitbucket.org/HiyamGh/dementia/src/master/distributions/Q1151.png,90.4296875,0.5545286506469501,"8,9",4
Q1152_2,categorical,The decline in interests / enjoyment  has occurred over the past three months.,"no,yes,no answer,not applicable ","0.0,1.0,8.0,9.0",0,9,https://bitbucket.org/HiyamGh/dementia/src/master/distributions/Q1152.png,90.4296875,0.7393715341959335,"8,9",3
Q1161_2,categorical,Depressed and very tense.,"no,yes,no answer,not applicable ","0.0,1.0,8.0,9.0",0,9,https://bitbucket.org/HiyamGh/dementia/src/master/distributions/Q1161.png,90.33203125,0.3696857670979667,"8,9",3
Q522_2,categorical,Anorexia has been present for most days for at least two weeks last month.,"no,yes,no answer,not applicable ","0.0,1.0,8.0",0,8,https://bitbucket.org/HiyamGh/dementia/src/master/distributions/Q522.png,89.35546875,0.7393715341959335,8,3
Q521_2,categorical,weak appetite in the absence of any known health condition and without nausea ,"no,yes,no answer,not applicable ","0.0,1.0,8.0",0,8,https://bitbucket.org/HiyamGh/dementia/src/master/distributions/Q521.png,89.35546875,0.5545286506469501,8,3
Q523_2,categorical,An increase in appetite for most days for at least two weeks last month.,"no,yes,no answer,not applicable ","0.0,1.0,8.0",0,8,https://bitbucket.org/HiyamGh/dementia/src/master/distributions/Q523.png,89.16015625,0.7393715341959335,8,3
Q582_2,categorical,"Mainly due to or arising from a physical cause in the body, or noise, etc. ","no,yes,no answer,not applicable ","0.0,1.0",0,1,https://bitbucket.org/HiyamGh/dementia/src/master/distributions/Q582.png,84.86328125,0.0,,3
Q581_2,categorical,"Difficulty is due to altered moods or thoughts, or tension (e.g. lies awake with depressed or anxious feelings or thoughts).","no,yes,no answer,not applicable ","0.0,1.0,8.0,9.0",0,9,https://bitbucket.org/HiyamGh/dementia/src/master/distributions/Q581.png,84.86328125,0.3696857670979667,"8,9",3
Q571_2,categorical,Elderly wakes up about two or more hours before his/her usual waking time and can not go back to sleep most of the nights (this lasted for at least two weeks last month).,"no,yes,no answer,not applicable ","0.0,1.0",0,1,https://bitbucket.org/HiyamGh/dementia/src/master/distributions/Q571.png,84.86328125,0.0,,3
Q54_2,categorical,the difference is more than 3 years,"no,yes,no answer,not applicable ","0.0,1.0,8.0,9.0",0,9,https://bitbucket.org/HiyamGh/dementia/src/master/distributions/Q54.png,83.203125,13.49353049907578,"8,9",3
Q53_2,categorical,the difference is between 2 to 3 years ,"no,yes,no answer,not applicable ","0.0,1.0,8.0,9.0",0,9,https://bitbucket.org/HiyamGh/dementia/src/master/distributions/Q53.png,83.203125,13.67837338262477,"8,9",3
CKINCOM_2/4,not found,not found,,1.0,1,1,https://bitbucket.org/HiyamGh/dementia/src/master/distributions/CINCOME4.png,83.203125,0.0,,
Q52_2,categorical,contradiction between year of birth and age provided by participant and not corrected (disregard if one year difference only),"no,yes,no answer,not applicable ","0.0,1.0,8.0,9.0",0,9,https://bitbucket.org/HiyamGh/dementia/src/master/distributions/Q52.png,83.10546875,9.796672828096119,"8,9",3
Q51_2,categorical,the participant shows clear hesitation when indicating age and year of birth,"no,yes,no answer,not applicable ","0.0,1.0,8.0,9.0",0,9,https://bitbucket.org/HiyamGh/dementia/src/master/distributions/Q51.png,83.10546875,0.5545286506469501,"8,9",3
Q366_2,boolean,did you visit a doctor or specialist to treat the problem,,"0.0,1.0",0,1,https://bitbucket.org/HiyamGh/dementia/src/master/distributions/Q366.png,82.03125,0.0,,
Q544_2,ordinal,Has been suffering from a noticeable concern for most nights for at least two weeks during the past month.,"no,yes simple,yes severe,no answer,not applicable ","0.0,1.0,2.0",0,2,https://bitbucket.org/HiyamGh/dementia/src/master/distributions/Q544.png,82.03125,0.0,,4
Q551_2,categorical,"Difficulty in falling asleep.  If tablets taken, rate what interviewee feels would have happened without them.","no,yes,no answer,not applicable ","0.0,1.0,9.0",0,9,https://bitbucket.org/HiyamGh/dementia/src/master/distributions/Q551.png,81.93359375,0.1848428835489834,9,3
Q561_2,ordinal,"Sleep interrupted during the night.  (Include waking up after an initial cat nap and not being able to sleep again for some lengthy time).  
If tablets taken rate what interviewee feels would have happened without them.","no,yes simple,yes severe,no answer,not applicable ","0.0,1.0,2.0",0,2,https://bitbucket.org/HiyamGh/dementia/src/master/distributions/Q561.png,81.93359375,0.0,,4
Q545_2,ordinal,"Over the last few nights, there has been a noticeable increase in sleep over the last two weeks","no,yes simple,yes severe,no answer,not applicable ","0.0,1.0,2.0",0,2,https://bitbucket.org/HiyamGh/dementia/src/master/distributions/Q545.png,81.93359375,0.0,,4
Q543_2,ordinal,Elderly suffers from anxiety for most of the night and often sleeps during the day.,"no,yes simple,yes severe,no answer,not applicable ","0.0,1.0,2.0",0,2,https://bitbucket.org/HiyamGh/dementia/src/master/distributions/Q543.png,81.8359375,0.0,,4
Q542_2,ordinal,"Sleeping problem (insomnia) or discontinued sleeping, or intake of medication or alcohol to help getting asleep.","no,yes simple,yes severe,no answer,not applicable ","0.0,1.0,2.0",0,2,https://bitbucket.org/HiyamGh/dementia/src/master/distributions/Q542.png,81.8359375,0.0,,4
CONFDAY,boolean,Does it happen during the day?,,"0.0,1.0",0,1,https://bitbucket.org/HiyamGh/dementia/src/master/distributions/CONFDAY.png,79.58984375,0.0,,
CLOUDING,boolean,Are there periods of more than 24 hours when the elderly is being alert at times and strayed at another times?,,"0.0,1.0,99.0",0,99,https://bitbucket.org/HiyamGh/dementia/src/master/distributions/CLOUDING.png,79.58984375,0.0,,
CONFNITE,boolean,Does the elderly get confused during the night? Does he/she wander? speaks incomprehensible words?,,"0.0,1.0",0,1,https://bitbucket.org/HiyamGh/dementia/src/master/distributions/CONFNITE.png,79.58984375,0.0,,
Q882_2,categorical,Bothered or depressed by current loneliness.,"no,yes,no answer,not applicable ","0.0,1.0,8.0",0,8,https://bitbucket.org/HiyamGh/dementia/src/master/distributions/Q882.png,79.00390625,0.3696857670979667,8,3
Q881_2,categorical,elderly feels loneliness and can not escape it.,"no,yes,no answer,not applicable ","0.0,1.0,8.0",0,8,https://bitbucket.org/HiyamGh/dementia/src/master/distributions/Q881.png,79.00390625,0.5545286506469501,8,3
Q891_2,categorical,Worried about living alone in the future,"no,yes,no answer,not applicable ","0.0,1.0,8.0",0,8,https://bitbucket.org/HiyamGh/dementia/src/master/distributions/Q891.png,79.00390625,1.293900184842884,8,3
CKINCOM_2/6,not found,not found,,1.0,1,1,https://bitbucket.org/HiyamGh/dementia/src/master/distributions/CINCOME6.png,77.34375,0.0,,
agepart,numeric,Age reported by participant:,,0.0-1952.0,0,1952,https://bitbucket.org/HiyamGh/dementia/src/master/distributions/agepart.png,76.46484375,0.7393715341959335,999,100
ageinfo,numeric,Age reported by informant:,,65.0-1962.0,65,1962,https://bitbucket.org/HiyamGh/dementia/src/master/distributions/ageinfo.png,76.46484375,0.9242144177449169,"766,999",100
agedoc,numeric,Age stated in document:,,65.0-1953.0,65,1953,https://bitbucket.org/HiyamGh/dementia/src/master/distributions/agedoc.png,76.46484375,2.957486136783734,999,100
Q91_2,categorical,the participant says/points our that he/she doesn't know the place or address,"no,yes,no answer,not applicable ","0.0,1.0",0,1,https://bitbucket.org/HiyamGh/dementia/src/master/distributions/Q91.png,72.8515625,0.0,,3
Q93_2,categorical,error in name (partial name given is accepted),"no,yes,no answer,not applicable ","0.0,1.0,9.0",0,9,https://bitbucket.org/HiyamGh/dementia/src/master/distributions/Q93.png,72.8515625,2.587800369685767,9,3
Q92_2,categorical,"incomplete, irrelevant, or no answer","no,yes,no answer,not applicable ","0.0,1.0,8.0",0,8,https://bitbucket.org/HiyamGh/dementia/src/master/distributions/Q92.png,72.8515625,0.1848428835489834,8,3
Q363_2,categorical,the past 3 to 4 years ,"no,yes,no answer,not applicable ","0.0,1.0,8.0,9.0",0,9,https://bitbucket.org/HiyamGh/dementia/src/master/distributions/Q363.png,72.16796875,0.9242144177449169,"8,9",3
Q364_2,categorical,the past 5 to 10 years ,"no,yes,no answer,not applicable ","0.0,1.0,8.0,9.0",0,9,https://bitbucket.org/HiyamGh/dementia/src/master/distributions/Q364.png,72.0703125,1.1090573012939,"8,9",3
Q362_2,categorical,the past 2 years ,"no,yes,no answer,not applicable ","0.0,1.0,8.0,9.0",0,9,https://bitbucket.org/HiyamGh/dementia/src/master/distributions/Q362.png,72.0703125,0.9242144177449169,"8,9",3
Q365_2,categorical,the past 10 years ,"no,yes,no answer,not applicable ","0.0,1.0,8.0,9.0",0,9,https://bitbucket.org/HiyamGh/dementia/src/master/distributions/Q365.png,72.0703125,1.1090573012939,"8,9",3
Q243_2,categorical,the depressed mood/ crying presisted at least for two consecutive weeks in the last month,"no,yes,no answer,not applicable ","0.0,1.0,8.0,9.0",0,9,https://bitbucket.org/HiyamGh/dementia/src/master/distributions/Q243.png,66.015625,0.9242144177449169,"8,9",3
Q241_2,categorical,"the depression, crying, or feeling the need to cry lasts for more than few hours ","no,yes,no answer,not applicable ","0.0,1.0,8.0,9.0",0,9,https://bitbucket.org/HiyamGh/dementia/src/master/distributions/Q241.png,66.015625,0.7393715341959335,"8,9",3
Q242_2,categorical,"the depression, crying, or feeling the need to cry is present most of the time","no,yes,no answer,not applicable ","0.0,1.0,8.0,9.0",0,9,https://bitbucket.org/HiyamGh/dementia/src/master/distributions/Q242.png,65.91796875,0.9242144177449169,"8,9",3
Q272_2,ordinal,the depression lasts for hours even when seeing visitors or being intertained,"no,yes simple,yes severe,no answer,not applicable ","0.0,1.0,2.0,8.0,9.0",0,9,https://bitbucket.org/HiyamGh/dementia/src/master/distributions/Q272.png,65.8203125,1.66358595194085,"8,9",4
Q262_2,categorical,mostly in the afternoon,"no,yes,no answer,not applicable ","0.0,1.0,8.0,9.0",0,9,https://bitbucket.org/HiyamGh/dementia/src/master/distributions/Q262.png,65.72265625,2.402957486136784,"8,9",3
Q263_2,categorical,mostly at night,"no,yes,no answer,not applicable ","0.0,1.0,8.0,9.0",0,9,https://bitbucket.org/HiyamGh/dementia/src/master/distributions/Q263.png,65.72265625,2.2181146025878,"8,9",3
Q251_2,ordinal,Fluctuating mood ,"no,yes simple,yes severe,no answer,not applicable ","0.0,1.0,2.0,8.0,9.0",0,9,https://bitbucket.org/HiyamGh/dementia/src/master/distributions/Q251.png,65.72265625,1.1090573012939,"8,9",4
Q261_2,categorical,mostly during the day/morning,"no,yes,no answer,not applicable ","0.0,1.0,8.0,9.0",0,9,https://bitbucket.org/HiyamGh/dementia/src/master/distributions/Q261.png,65.72265625,2.033271719038817,"8,9",3
Q271_2,categorical,nothing helps soothing the changing mood,"no,yes,no answer,not applicable ","0.0,1.0,8.0,9.0",0,9,https://bitbucket.org/HiyamGh/dementia/src/master/distributions/Q271.png,65.72265625,2.2181146025878,"8,9",3
Q741_2,categorical,Began or worsened during the past three months.,"no,yes,no answer,not applicable ","0.0,1.0,8.0,9.0",0,9,https://bitbucket.org/HiyamGh/dementia/src/master/distributions/Q741.png,61.62109375,1.848428835489834,"8,9",3
Q752_2,categorical,Slowing down and lacking energy is worst in the evening.,"no,yes,no answer,not applicable ","0.0,1.0,8.0,9.0",0,9,https://bitbucket.org/HiyamGh/dementia/src/master/distributions/Q752.png,61.62109375,3.512014787430684,"8,9",3
Q761_2,categorical,does not get decreased in the presence of fun activities normally.,"no,yes,no answer,not applicable ","0.0,1.0,8.0,9.0",0,9,https://bitbucket.org/HiyamGh/dementia/src/master/distributions/Q761.png,61.5234375,2.957486136783734,"8,9",3
Q751_2,categorical,Slowing down and lacking energy is worst in the morning.,"no,yes,no answer,not applicable ","0.0,1.0,8.0,9.0",0,9,https://bitbucket.org/HiyamGh/dementia/src/master/distributions/Q751.png,61.5234375,2.77264325323475,"8,9",3
Q771_2,categorical,Sits or lies down due to lack of energy,"no,yes simple,yes severe,no answer,not applicable ","0.0,1.0,2.0,8.0,9.0",0,9,https://bitbucket.org/HiyamGh/dementia/src/master/distributions/Q771.png,61.5234375,1.293900184842884,"8,9",4
Q753_2,ordinal,Slowing down exists most days for at least for two weeks.,"no,yes simple,yes severe,no answer,not applicable ","0.0,1.0,2.0,8.0,9.0",0,9,https://bitbucket.org/HiyamGh/dementia/src/master/distributions/Q753.png,61.5234375,2.2181146025878,"8,9",4
Q1451_2,categorical,"Because of agitation, depression, self-admiration, etc.","no,yes,no answer,not applicable ","0.0,1.0",0,1,https://bitbucket.org/HiyamGh/dementia/src/master/distributions/Q1451.png,58.88671875,0.0,,3
Q1452_2,categorical,Due to memory failure,"no,yes,no answer,not applicable ","0.0,1.0",0,1,https://bitbucket.org/HiyamGh/dementia/src/master/distributions/Q1452.png,58.7890625,0.0,,3
Q1453_2,categorical,"Mistakes were made during partial consciousness (ie, the participant was falling asleep, under the influence of alcohol, drugs or delirium due to severe physical illness).","no,yes,no answer,not applicable ","0.0,1.0",0,1,https://bitbucket.org/HiyamGh/dementia/src/master/distributions/Q1453.png,58.69140625,0.0,,3
Q1454_2,categorical,"The participant's reaction to mistakes was characterized by joy, indifference, or lightness.","no,yes,no answer,not applicable ","0.0,1.0",0,1,https://bitbucket.org/HiyamGh/dementia/src/master/distributions/Q1454.png,58.69140625,0.0,,3
Q163_2,categorical,worries about the financial status of the spouse (including rent),"no,yes,no answer,not applicable ","0.0,1.0,8.0,9.0",0,9,https://bitbucket.org/HiyamGh/dementia/src/master/distributions/Q163.png,53.80859375,0.5545286506469501,"8,9",3
Q142_2,categorical,the participant worries in general about everything ,"no,yes,no answer,not applicable ","0.0,1.0,8.0",0,8,https://bitbucket.org/HiyamGh/dementia/src/master/distributions/Q142.png,53.7109375,0.3696857670979667,8,3
Q164_2,categorical,worries about family problems (other than health),"no,yes,no answer,not applicable ","0.0,1.0,8.0,9.0",0,9,https://bitbucket.org/HiyamGh/dementia/src/master/distributions/Q164.png,53.61328125,0.7393715341959335,"8,9",3
Q151_2,categorical,unwarranted worry that comes repeatedly and cannot be stopped,"no,yes,no answer,not applicable ","0.0,1.0,8.0",0,8,https://bitbucket.org/HiyamGh/dementia/src/master/distributions/Q151.png,53.61328125,0.5545286506469501,8,3
Q141_2,categorical,worries a lot (on one or two things),"no,yes,no answer,not applicable ","0.0,1.0,8.0",0,8,https://bitbucket.org/HiyamGh/dementia/src/master/distributions/Q141.png,53.515625,0.3696857670979667,8,3
Q161_2,categorical,worries about the health of the spouse,"no,yes,no answer,not applicable ","0.0,1.0,8.0,9.0",0,9,https://bitbucket.org/HiyamGh/dementia/src/master/distributions/Q161.png,53.22265625,0.5545286506469501,"8,9",3
Q162_2,categorical,worries about the health of others,"no,yes,no answer,not applicable ","0.0,1.0,8.0,9.0",0,9,https://bitbucket.org/HiyamGh/dementia/src/master/distributions/Q162.png,53.22265625,0.7393715341959335,"8,9",3
NPIHELP,categorical,Did you consult any doctor or specialist regarding any of the problems listed above?,"no,yes,don’t know ","0.0,1.0,98.0",0,98,https://bitbucket.org/HiyamGh/dementia/src/master/distributions/NPIHELP.png,52.5390625,0.1848428835489834,98,2
Q1366_2,categorical,Other hypnotics and tranquilizers (eg hypnotic taking during nightime),"no,yes,no answer,not applicable ","0.0,1.0",0,1,https://bitbucket.org/HiyamGh/dementia/src/master/distributions/Q1366.png,52.34375,0.0,,3
Q1391_2,ordinal,The participant admits that it is a problem,"no,yes simple,yes severe,no answer,not applicable ","0.0,1.0,9.0",0,9,https://bitbucket.org/HiyamGh/dementia/src/master/distributions/Q1391.png,0.0,5.914972273567468,9,4
Q1705_2,ordinal,Obvious evidence of paralysis or stroke.,"no,yes simple,yes severe,no answer,not applicable ","0.0,1.0,2.0,9.0",0,9,https://bitbucket.org/HiyamGh/dementia/src/master/distributions/Q1705.png,0.0,1.478743068391867,9,4
Q1561_2,ordinal,"In general, how happy are you: very happy, reasonably happy, not too happy, not happy at all?","very happy,happy to a normal extent ,not very happy,not happy at all,no answer,not applicable ","0.0,1.0,2.0,3.0,8.0",0,8,https://bitbucket.org/HiyamGh/dementia/src/master/distributions/Q1561.png,0.0,0.3696857670979667,8,5
Q1551_2,ordinal,"Taking everything into account, how would you describe your satisfaction with life at the present time: good, average, or weak?","good ,fair ,weak ,no answer,not applicable ","0.0,1.0,2.0,8.0",0,8,https://bitbucket.org/HiyamGh/dementia/src/master/distributions/Q1551.png,0.0,1.293900184842884,8,4
IRERROR_2,categorical,"Interviewer's evaluation: In the Direction or Memory section, did you record ""Yes"" (an indication of memory errors) or ""Not applicable"" frequently during the interview? Or was there a lot of ""not applicable"" in the rest of the interview? ""","no,yes,no answer,not applicable ","0.0,1.0,9.0",0,9,https://bitbucket.org/HiyamGh/dementia/src/master/distributions/IRERROR.png,0.0,0.1848428835489834,9,3
Q1441_2,categorical,The interviewer believes that the participant has a drinking problem.,"no,yes,no answer,not applicable ","0.0,1.0,9.0",0,9,https://bitbucket.org/HiyamGh/dementia/src/master/distributions/Q1441.png,0.0,4.805914972273567,9,3
Q1652_2,ordinal,Infectious gaiety.,"no,yes simple,yes severe,no answer,not applicable ","0.0,1.0,9.0",0,9,https://bitbucket.org/HiyamGh/dementia/src/master/distributions/Q1652.png,0.0,0.3696857670979667,9,4
Q1381_2,categorical,He/she does this,"no,yes,no answer,not applicable ","0.0,1.0,9.0",0,9,https://bitbucket.org/HiyamGh/dementia/src/master/distributions/Q1381.png,0.0,4.436229205175601,9,3
Q1704_2,ordinal,Obvious abnormality of walking.,"no,yes simple,yes severe,no answer,not applicable ","0.0,1.0,2.0,9.0",0,9,https://bitbucket.org/HiyamGh/dementia/src/master/distributions/Q1704.png,0.0,3.88170055452865,9,4
Q1368_2,categorical,Other,"no,yes,no answer,not applicable ","0.0,1.0",0,1,https://bitbucket.org/HiyamGh/dementia/src/master/distributions/Q1368.png,0.0,0.0,,3
Q1706_2,ordinal,"Obvious evidence of physical abnormality of the legs like arthritis, amputation, or gross swelling.","no,yes simple,yes severe,no answer,not applicable ","0.0,1.0,2.0,9.0",0,9,https://bitbucket.org/HiyamGh/dementia/src/master/distributions/Q1706.png,0.0,1.293900184842884,9,4
Q1707_2,ordinal,"Gait normal, just unsteady","no,yes simple,yes severe,no answer,not applicable ","0.0,1.0,2.0,9.0",0,9,https://bitbucket.org/HiyamGh/dementia/src/master/distributions/Q1707.png,0.0,1.478743068391867,9,4
Q1708_2,ordinal,Staggers as if drunk,"no,yes simple,yes severe,no answer,not applicable ","0.0,1.0,2.0,9.0",0,9,https://bitbucket.org/HiyamGh/dementia/src/master/distributions/Q1708.png,0.0,1.293900184842884,9,4
Q1371_2,categorical,Drink alcohol (in one form or another) at least five days a week,"no,yes,no answer,not applicable ","0.0,1.0,9.0",0,9,https://bitbucket.org/HiyamGh/dementia/src/master/distributions/Q1371.png,0.0,0.1848428835489834,9,3
Q1702_2,ordinal,"Athetoid movements (continuous, purposeless, slow writhing movements of tongue, jaws or limbs).","no,yes simple,yes severe,no answer,not applicable ","0.0,1.0,9.0",0,9,https://bitbucket.org/HiyamGh/dementia/src/master/distributions/Q1702.png,0.0,0.3696857670979667,9,4
Q1703_2,ordinal,"Parkinsonian movements (characteristic repeated regular tremor of the hands at rest.  Described as 'pill rolling', as if the interviewee was rolling a pill between the thumb and finger tips).","no,yes simple,yes severe,no answer,not applicable ","0.0,1.0,2.0,9.0",0,9,https://bitbucket.org/HiyamGh/dementia/src/master/distributions/Q1703.png,0.0,0.3696857670979667,9,4
ICINTCOM_2,categorical,"* Interviewer's evaluation * Has the interview ended?
","no,yes,no answer,not applicable ","0.0,1.0",0,1,https://bitbucket.org/HiyamGh/dementia/src/master/distributions/ICINTCOM.png,0.0,0.0,,3
Q1631_2,ordinal,Face without expression. Does not show expressions during conversation.,"no,yes simple,yes severe,no answer,not applicable ","0.0,1.0,2.0,9.0",0,9,https://bitbucket.org/HiyamGh/dementia/src/master/distributions/Q1631.png,0.0,0.1848428835489834,9,4
Q1632_2,ordinal,Monotonous VOICE.  No play of expression in conversation.,"no,yes simple,yes severe,no answer,not applicable ","0.0,1.0,2.0,9.0",0,9,https://bitbucket.org/HiyamGh/dementia/src/master/distributions/Q1632.png,0.0,0.1848428835489834,9,4
Q1701_2,ordinal,"Choreiform movements (continuous, purposeless, jerky, involuntary movements of the head, body or limbs while at rest)","no,yes simple,yes severe,no answer,not applicable ","0.0,1.0,9.0",0,9,https://bitbucket.org/HiyamGh/dementia/src/master/distributions/Q1701.png,0.0,0.3696857670979667,9,4
Q1633_2,ordinal,No gesture accompanying speech,"no,yes simple,yes severe,no answer,not applicable ","0.0,1.0,2.0,9.0",0,9,https://bitbucket.org/HiyamGh/dementia/src/master/distributions/Q1633.png,0.0,0.1848428835489834,9,4
Q1634_2,ordinal,No appropriate emotion shown when delusional or normal material is discussed which would usually bring out emotion,"no,yes simple,yes severe,no answer,not applicable ","0.0,1.0,2.0,9.0",0,9,https://bitbucket.org/HiyamGh/dementia/src/master/distributions/Q1634.png,0.0,0.3696857670979667,9,4
Q1635_2,ordinal,"Uniform blunting of mood, 
whatever the tone of conversation (indifference, apathetic acceptance).","no,yes simple,yes severe,no answer,not applicable ","0.0,1.0,2.0,9.0",0,9,https://bitbucket.org/HiyamGh/dementia/src/master/distributions/Q1635.png,0.0,0.3696857670979667,9,4
Q1641_2,ordinal,Uncontrollable short bouts of crying.,"no,yes simple,yes severe,no answer,not applicable ","0.0,1.0,2.0,9.0",0,9,https://bitbucket.org/HiyamGh/dementia/src/master/distributions/Q1641.png,0.0,0.3696857670979667,9,4
Q1741_2,ordinal,Vague quality to speech.  No completion of a thought or idea.,"no,yes simple,yes severe,no answer,not applicable ","0.0,1.0,2.0,9.0",0,9,https://bitbucket.org/HiyamGh/dementia/src/master/distributions/Q1741.png,0.0,0.5545286506469501,9,4
Q1642_2,ordinal,Uncontrollable short bouts of laughing.,"no,yes simple,yes severe,no answer,not applicable ","0.0,1.0,9.0",0,9,https://bitbucket.org/HiyamGh/dementia/src/master/distributions/Q1642.png,0.0,0.3696857670979667,9,4
Q1671_2,ordinal,"UNCO-OPERATIVE, ETC.: Tries to start an argument.","no,yes simple,yes severe,no answer,not applicable ","0.0,1.0,9.0",0,9,https://bitbucket.org/HiyamGh/dementia/src/master/distributions/Q1671.png,0.0,0.3696857670979667,9,4
Q1661_2,ordinal,"OTHER AFFECT: Facetious:  silly jokes, flippant remarks.","no,yes simple,yes severe,no answer,not applicable ","0.0,1.0,9.0",0,9,https://bitbucket.org/HiyamGh/dementia/src/master/distributions/Q1661.png,0.0,0.3696857670979667,9,4
Q1651_2,ordinal,"Elated, euphoric, even though perhaps changing to irritability or depression.","no,yes simple,yes severe,no answer,not applicable ","0.0,1.0,9.0",0,9,https://bitbucket.org/HiyamGh/dementia/src/master/distributions/Q1651.png,0.0,0.3696857670979667,9,4
Q1709_2,ordinal,Takes slow shuffling steps,"no,yes simple,yes severe,no answer,not applicable ","0.0,1.0,2.0,9.0",0,9,https://bitbucket.org/HiyamGh/dementia/src/master/distributions/Q1709.png,0.0,1.293900184842884,9,4
Q17920_2,categorical,"Interview conditions unfavourable, e.g. noisy, distracting environment.","no,yes,no answer,not applicable ","0.0,1.0,9.0",0,9,https://bitbucket.org/HiyamGh/dementia/src/master/distributions/q17920.png,0.0,0.3696857670979667,9,3
Q1742_2,ordinal,"Patient talks fairly freely, but vaguely and ambiguously so that ideas communicated are not clear - vague wandering from idea to idea or point to point, e.g.
Question:  
HOW DO YOU LIKE IT IN THE HOSPITAL?
Response:  
WELL, or ….NOT QUITE THE SAME AS, OR …DO NOT QUITE KNOW HOW TO SAY IT.  IT IS NOT THE SAME, BEING IN HOSPITAL AS, or....WORKING. ER….THE JOB IS NOT QUITE THE SAME or… VERY MUCH THE SAME, BUT OF COURSE, IT IS NOT EXACTLY THE SAME.","no,yes simple,yes severe,no answer,not applicable ","0.0,1.0,2.0,9.0",0,9,https://bitbucket.org/HiyamGh/dementia/src/master/distributions/Q1742.png,0.0,0.5545286506469501,9,4
WORDWRG_2,ordinal,Does he/she use the wrong words?,"yes, sometimes,don’t know ,no ,yes, regularly","0.0,0.0001,0.5,1.0,2.0",0,2,https://bitbucket.org/HiyamGh/dementia/src/master/distributions/WORDWRG.png,0.0,0.0,,5
HOBBY_2,categorical,"Has there been a loss of a special skill or hobby he/she could manage before? 
","no,yes,don’t know ","0.0,1.0,98.0,99.0",0,99,https://bitbucket.org/HiyamGh/dementia/src/master/distributions/HOBBY.png,0.0,1.66358595194085,"98,99",2
CHORES_2,ordinal,"Does he/she have difficulty performing household chores that he/she is used to do, such as preparing food or boiling a pot of tea?","yes, sometimes,don’t know ,no ,yes, regularly","0.0,0.5,1.0,2.0",0,2,https://bitbucket.org/HiyamGh/dementia/src/master/distributions/CHORES.png,0.0,0.0,,5
LOSTIN_2,ordinal,"Does he/she get lost at home, e.g finding the toilet?","yes, sometimes,don’t know ,no ,yes, regularly","0.0,0.5,1.0,2.0",0,2,https://bitbucket.org/HiyamGh/dementia/src/master/distributions/LOSTIN.png,0.0,0.0,,5
LOSTOUT_2,ordinal,Does he/she get lost in the community/road?,"yes, sometimes,don’t know ,no ,yes, regularly","0.0,0.5,1.0,2.0,99.0",0,99,https://bitbucket.org/HiyamGh/dementia/src/master/distributions/LOSTOUT.png,0.0,0.1848428835489834,99,5
ORIENT_2,ordinal,Does he/she forget where he/she is?,"yes, sometimes,don’t know ,no ,yes, regularly","0.0,0.5,1.0,2.0",0,2,https://bitbucket.org/HiyamGh/dementia/src/master/distributions/ORIENT.png,0.0,0.0,,5
LASTDAY_2,ordinal,Does he/she forget what happened the day before?,"yes, sometimes,don’t know ,no ,yes, regularly","0.0,0.0001,0.5,1.0,2.0",0,2,https://bitbucket.org/HiyamGh/dementia/src/master/distributions/LASTDAY.png,0.0,0.0,,5
LASTSEE_2,ordinal,Does he/she forget when he/she last saw you?,"yes, sometimes,don’t know ,no ,yes, regularly","0.0,0.0001,0.5,1.0,2.0",0,2,https://bitbucket.org/HiyamGh/dementia/src/master/distributions/LASTSEE.png,0.0,0.0,,5
PAST_2,ordinal,Does he/she tend to talk about what happened long ago rather than the present?,"yes, sometimes,don’t know ,no ,yes, regularly","0.0,0.0001,0.5,1.0,2.0",0,2,https://bitbucket.org/HiyamGh/dementia/src/master/distributions/PAST.png,0.0,0.0,,5
WORDFIND_2,ordinal,When speaking does he/she have difficulty saying the right words?,"yes, sometimes,don’t know ,no ,yes, regularly","0.0,0.0001,0.5,1.0,2.0",0,2,https://bitbucket.org/HiyamGh/dementia/src/master/distributions/WORDFIND.png,0.0,0.0,,5
Q1743_2,ordinal,"Irrelevance:  whole content of answer may have little to do with the question.  (Do not include wandering or rambling from the topic, or incoherence).","no,yes simple,yes severe,no answer,not applicable ","0.0,1.0,2.0,9.0",0,9,https://bitbucket.org/HiyamGh/dementia/src/master/distributions/Q1743.png,0.0,0.5545286506469501,9,4
CONVERS_2,ordinal,Does he/she forget what he/she wanted to say in the middle of the conversation?,"yes, sometimes,don’t know ,no ,yes, regularly","0.0,0.0001,0.5,1.0,2.0",0,2,https://bitbucket.org/HiyamGh/dementia/src/master/distributions/CONVERS.png,0.0,0.0,,5
FAMNAME_2,ordinal,Does he/she forget the names of members of the family?,"yes, sometimes,don’t know ,no ,yes, regularly","0.0,0.0001,0.5,1.0,2.0",0,2,https://bitbucket.org/HiyamGh/dementia/src/master/distributions/FAMNAME.png,0.0,0.0,,5
FRDNAME_2,ordinal,Does he/she forget the names of friends?,"yes, sometimes,don’t know ,no ,yes, regularly","0.0,0.0001,0.5,1.0,2.0",0,2,https://bitbucket.org/HiyamGh/dementia/src/master/distributions/FRDNAME.png,0.0,0.0,,5
KEPT_2,ordinal,Does he/she forget where things are usually kept?,"yes, sometimes,don’t know ,no ,yes, regularly","0.0,0.0001,0.5,1.0,2.0",0,2,https://bitbucket.org/HiyamGh/dementia/src/master/distributions/KEPT.png,0.0,0.0,,5
PUT_2,ordinal,Does he/she forget where he/she has put things?,"yes, sometimes,don’t know ,no ,yes, regularly","0.0,0.5,1.0,2.0",0,2,https://bitbucket.org/HiyamGh/dementia/src/master/distributions/PUT.png,0.0,0.0,,5
MEMORY_2,categorical,"We all have slight difficulties in remembering things as we get older, but has this been a particular problem for him/her?","no,yes,don’t know ","0.0,1.0,98.0",0,98,https://bitbucket.org/HiyamGh/dementia/src/master/distributions/MEMORY.png,0.0,0.9242144177449169,98,2
MENTAL_2,ordinal,Has there been a general decline in his/her mental functioning?  ,"don’t know ,no change,general deterioration","0.0,0.0001,1.0",0,1,https://bitbucket.org/HiyamGh/dementia/src/master/distributions/MENTAL.png,0.0,0.0,,2
ACTIV_2,ordinal,"Have you seen a change in his/her daily activities in the past several years? 
","don’t know ,no change,change in physical activity (decrease)","0.0,0.0001,1.0,99.0",0,99,https://bitbucket.org/HiyamGh/dementia/src/master/distributions/ACTIV.png,0.0,0.1848428835489834,99,2
MONEY_2,ordinal,Has there been a change in his/her ability to handle money?,"some difficulty ,don’t know ,no difficulty ,cannot deal with money","0.0,0.0001,0.5,1.0,2.0,99.0",0,99,https://bitbucket.org/HiyamGh/dementia/src/master/distributions/MONEY.png,0.0,0.1848428835489834,99,3
CHANGE_2,ordinal,does he/she have difficulty in adjusting to change in her daily routine?,"yes, sometimes,don’t know ,no ,yes, regularly","0.0,0.0001,0.5,1.0,2.0",0,2,https://bitbucket.org/HiyamGh/dementia/src/master/distributions/CHANGE.png,0.0,0.0,,5
REASON_2,categorical,Have you noticed a change in his/her ability to think and reason?,"no,yes,don’t know ","0.0,1.0,98.0,99.0",0,99,https://bitbucket.org/HiyamGh/dementia/src/master/distributions/REASON.png,0.0,2.033271719038817,"98,99",2
FEED_2,ordinal,Does he/she have difficulty feeding him/herself? ,"don’t know ,eats neatly using the utensils ,makes a mess while eating using a spouse only,eats simple food like crakers ,needs to be fed ","0.0,0.0001,1.0,2.0,3.0",0,3,https://bitbucket.org/HiyamGh/dementia/src/master/distributions/FEED.png,0.0,0.0,,4
NPI12,categorical,"Has your (xxxx) lost or gained weight, or had a change in the food he she likes? ","no,yes,don’t know ","0.0,1.0,98.0",0,98,https://bitbucket.org/HiyamGh/dementia/src/master/distributions/NPI12.png,0.0,0.5545286506469501,98,2
NPI11,categorical,"Does your (xxxx) awaken you during the night, rise too early in the morning, or take excessive naps during the day?","no,yes,don’t know ","0.0,1.0,98.0",0,98,https://bitbucket.org/HiyamGh/dementia/src/master/distributions/NPI11.png,0.0,0.3696857670979667,98,2
NPI10,categorical,"Does your (xxxx) engage in repetitive activities, such as pacing around the house, handling buttons, wrapping string, or doing other things repeatedly?","no,yes,don’t know ","0.0,1.0,98.0",0,98,https://bitbucket.org/HiyamGh/dementia/src/master/distributions/NPI10.png,0.0,0.5545286506469501,98,2
NPI9,categorical,Is your (xxxx) impatient and cranky? Does he or she have difficulty coping with delays or waiting for planned activities?,"no,yes,don’t know ","0.0,1.0,98.0",0,98,https://bitbucket.org/HiyamGh/dementia/src/master/distributions/NPI9.png,0.0,0.3696857670979667,98,2
NPI8,categorical,"Does your (xxxx) seem to act impulsively? For example, does your (xxxx) talk to strangers as if he or she knows them, or does your (xxxx) say things that may hurt people’s feeling?","no,yes,don’t know ","0.0,1.0,98.0",0,98,https://bitbucket.org/HiyamGh/dementia/src/master/distributions/NPI8.png,0.0,0.3696857670979667,98,2
NPI7,categorical,Does your (xxxx) seem less interested in his or her usual activities and plans of others?,"no,yes,don’t know ","0.0,1.0,98.0",0,98,https://bitbucket.org/HiyamGh/dementia/src/master/distributions/NPI7.png,0.0,0.3696857670979667,98,2
NPI6,categorical,Does your (xxxx) appear to feel too good or act excessively happy?,"no,yes,don’t know ","0.0,1.0,98.0",0,98,https://bitbucket.org/HiyamGh/dementia/src/master/distributions/NPI6.png,0.0,0.1848428835489834,98,2
NPI5,categorical,"Does your (xxxx) become upset when separated from you? Does he or she have any other signs of nervousness, such as shortness of breath, sighing, being unable to relax, or feeling excessively tense?","no,yes,don’t know ","0.0,1.0,98.0",0,98,https://bitbucket.org/HiyamGh/dementia/src/master/distributions/NPI5.png,0.0,0.7393715341959335,98,2
NPI4,categorical,Does your (xxxx) act as if he or she is sad or in low spirits? Does he or she cry?,"no,yes,don’t know ","0.0,1.0,98.0",0,98,https://bitbucket.org/HiyamGh/dementia/src/master/distributions/NPI4.png,0.0,0.7393715341959335,98,2
NPI3,categorical,Is your (xxxx) stubborn and resistive to help from others?,"no,yes,don’t know ","0.0,1.0,98.0",0,98,https://bitbucket.org/HiyamGh/dementia/src/master/distributions/NPI3.png,0.0,0.1848428835489834,98,2
NPI2,categorical,Does your (xxxx) act as if he or she hears voices? Does he or she talk to people who are not there?,"no,yes,don’t know ","0.0,1.0,98.0",0,98,https://bitbucket.org/HiyamGh/dementia/src/master/distributions/NPI2.png,0.0,0.5545286506469501,98,2
NPI1,categorical,"Does your (xxxx) believe that others are stealing from him or her, or planning to harm him or her in some way?","no,yes,don’t know ","0.0,1.0,98.0",0,98,https://bitbucket.org/HiyamGh/dementia/src/master/distributions/NPI1.png,0.0,0.3696857670979667,98,2
ENDIF_2,boolean,interviewer code - is the total csid score 2 or less?            ,,"0.0,1.0",0,1,https://bitbucket.org/HiyamGh/dementia/src/master/distributions/ENDIF.png,0.0,0.0,,
MUDDLED_2,categorical,Does his/her thinking ever seem muddled?                    ,"no,yes,don’t know ","0.0,1.0,98.0,99.0",0,99,https://bitbucket.org/HiyamGh/dementia/src/master/distributions/MUDDLED.png,0.0,0.3696857670979667,"98,99",2
MISTAKE_2,boolean,Does he/she ever mistake you (or other family or friends) for someone else? ,,"0.0,1.0",0,1,https://bitbucket.org/HiyamGh/dementia/src/master/distributions/MISTAKE.png,0.0,0.0,,
TOILET_2,ordinal,Does he/she have difficulty using the toilet? Does he/she wet or soil him/herself?,"don’t know ,no problems,sometimes wets bed,frequently wets bed,unable to control when the elderly needs to go (urine/ stools)","0.0,1.0,2.0,3.0",0,3,https://bitbucket.org/HiyamGh/dementia/src/master/distributions/TOILET.png,0.0,0.0,,4
DRESS_2,ordinal,Does he/she have difficulty dressing?,"don’t know ,wears clothes on his/her own,sometimes buttons clothes in a wrong way,error in the sequence, usually forgets things,not able of wearing own clothes","0.0,1.0,2.0,3.0",0,3,https://bitbucket.org/HiyamGh/dementia/src/master/distributions/DRESS.png,0.0,0.0,,5
CARENEED_2,ordinal,The older person,"needs care most of the time,needs care sometimes,does not need care ","1.0,2.0,3.0",1,3,https://bitbucket.org/HiyamGh/dementia/src/master/distributions/CARENEED.png,0.0,0.0,,2
Q1822_2,ordinal,"Minimization or tendency to say no, indiscriminately.","no,yes simple,yes severe,no answer,not applicable ","0.0,1.0,2.0",0,2,https://bitbucket.org/HiyamGh/dementia/src/master/distributions/Q1822.png,0.0,0.0,,4
Q1821_2,ordinal,"Exaggeration or tendency to say yes, indiscriminately.","no,yes simple,yes severe,no answer,not applicable ","0.0,1.0,2.0,8.0",0,8,https://bitbucket.org/HiyamGh/dementia/src/master/distributions/Q1821.png,0.0,0.3696857670979667,8,4
Q1801_2,categorical,"Memory defect (clear-cut) e.g. disorientated, gross memory loss, clear-cut blackout, etc.","no,yes,no answer,not applicable ","0.0,1.0,8.0,9.0",0,9,https://bitbucket.org/HiyamGh/dementia/src/master/distributions/Q1801.png,0.0,0.3696857670979667,"8,9",3
Q17912_2,categorical,Low intelligence.,"no,yes,no answer,not applicable ","0.0,1.0,9.0",0,9,https://bitbucket.org/HiyamGh/dementia/src/master/distributions/q17912.png,0.0,0.3696857670979667,9,3
Q17911_2,categorical,Other.,"no,yes,no answer,not applicable ","0.0,1.0,9.0",0,9,https://bitbucket.org/HiyamGh/dementia/src/master/distributions/q17911.png,0.0,0.3696857670979667,9,3
Q17910_2,categorical,Weakness - severe.,"no,yes,no answer,not applicable ","0.0,1.0,9.0",0,9,https://bitbucket.org/HiyamGh/dementia/src/master/distributions/q17910.png,0.0,0.3696857670979667,9,3
Q1798_2,categorical,Stuttering.,"no,yes,no answer,not applicable ","0.0,1.0,9.0",0,9,https://bitbucket.org/HiyamGh/dementia/src/master/distributions/q1798.png,0.0,0.3696857670979667,9,3
Q1796_2,categorical,Deafness - severe.,"no,yes,no answer,not applicable ","0.0,1.0,9.0",0,9,https://bitbucket.org/HiyamGh/dementia/src/master/distributions/q1796.png,0.0,0.3696857670979667,9,3
Q1795_2,categorical,Dysarthria (due to speech organs) e.g. coarse tremor of the tongue or paralysis of vocal chords.,"no,yes,no answer,not applicable ","0.0,1.0,9.0",0,9,https://bitbucket.org/HiyamGh/dementia/src/master/distributions/q1795.png,0.0,0.3696857670979667,9,3
Q1792_2,categorical,Unclear dialect or accent.,"no,yes,no answer,not applicable ","0.0,1.0,9.0",0,9,https://bitbucket.org/HiyamGh/dementia/src/master/distributions/Q1792.png,0.0,0.3696857670979667,9,3
Q1791_2,categorical,Foreign language e.g. poor command of language in which interview is conducted interpreter required.,"no,yes,no answer,not applicable ","0.0,1.0,8.0,9.0",0,9,https://bitbucket.org/HiyamGh/dementia/src/master/distributions/Q1791.png,0.0,0.3696857670979667,"8,9",3
Q1781_2,ordinal,Judgment: Problems with memory are more prominent than problems with thinking i.e. more difficulty with remembering things than working things out.,"no,yes simple,yes severe,no answer,not applicable ","0.0,1.0,2.0,9.0",0,9,https://bitbucket.org/HiyamGh/dementia/src/master/distributions/Q1781.png,0.0,0.1848428835489834,9,4
Q1771_2,ordinal,"Perseveration: Repeats answer inappropriately
e.g.      Question:  Weekday?
            Response: Tuesday
            Questions:  Month?
            Response:   Tuesday","no,yes simple,yes severe,no answer,not applicable ","0.0,1.0,2.0,9.0",0,9,https://bitbucket.org/HiyamGh/dementia/src/master/distributions/Q1771.png,0.0,0.3696857670979667,9,4
Q1755_2,ordinal,Long pauses before replying a characteristic feature.,"no,yes simple,yes severe,no answer,not applicable ","0.0,1.0,2.0,9.0",0,9,https://bitbucket.org/HiyamGh/dementia/src/master/distributions/Q1755.png,0.0,0.1848428835489834,9,4
Q1754_2,ordinal,Speech very slow.  Distinct pauses between words.,"no,yes simple,yes severe,no answer,not applicable ","0.0,1.0,9.0",0,9,https://bitbucket.org/HiyamGh/dementia/src/master/distributions/Q1754.png,0.0,0.3696857670979667,9,4
Q1753_2,ordinal,"Flight of ideas:  one idea suggests another in rapid succession, so that patient is soon far from the point, e.g.
Question:  
WHAT IS THE TIME?
Response:  
IT IS THREE O'CLOCK BY MY H. SAMUEL EVERRIGHT GOLD WATCH, BUT IT IS NOT ON THE GOLD STANDARD, WAVE 
THE FLAGS A LIFE ON THE BRINY WAVE.","no,yes simple,yes severe,no answer,not applicable ","0.0,1.0,2.0,9.0",0,9,https://bitbucket.org/HiyamGh/dementia/src/master/distributions/Q1753.png,0.0,0.3696857670979667,9,4
Q1752_2,ordinal,"Pressure of speech:  too many words, rapid and keeps resisting interruption.","no,yes simple,yes severe,no answer,not applicable ","0.0,1.0,2.0,9.0",0,9,https://bitbucket.org/HiyamGh/dementia/src/master/distributions/Q1752.png,0.0,0.3696857670979667,9,4
Q1751_2,ordinal,"rate of speech: Extremely rapid speech, but can be interrupted.","no,yes simple,yes severe,no answer,not applicable ","0.0,1.0,2.0,9.0",0,9,https://bitbucket.org/HiyamGh/dementia/src/master/distributions/Q1751.png,0.0,0.3696857670979667,9,4
Q1745_2,ordinal,Rambling:  talks in an aimless fashion.  Object in view at the beginning is not reached.,"no,yes simple,yes severe,no answer,not applicable ","0.0,1.0,2.0,9.0",0,9,https://bitbucket.org/HiyamGh/dementia/src/master/distributions/Q1745.png,0.0,0.3696857670979667,9,4
Q1744_2,ordinal,"Circumstantial:  much unnecessary detail, but the object in view at the beginning is ultimately reached.","no,yes simple,yes severe,no answer,not applicable ","0.0,1.0,2.0,9.0",0,9,https://bitbucket.org/HiyamGh/dementia/src/master/distributions/Q1744.png,0.0,0.3696857670979667,9,4
Q17922_2,categorical,"Patient appears generally sleepy, but does not actually fall asleep.","no,yes,no answer,not applicable ","0.0,1.0,8.0,9.0",0,9,https://bitbucket.org/HiyamGh/dementia/src/master/distributions/q17922.png,0.0,0.5545286506469501,"8,9",3
Q1802_2,categorical,"Memory defect (dubious) e.g. hazy recall, unconvincingly claims not to remember, makes little attempt to recall.","no,yes,no answer,not applicable ","0.0,1.0,9.0",0,9,https://bitbucket.org/HiyamGh/dementia/src/master/distributions/Q1802.png,0.0,0.1848428835489834,9,3
Q1811_2,ordinal,Rating,"logical answers,little doughts ,some level of doughts,a lot of doughts,useless information ","0.0,1.0,2.0,3.0",0,3,https://bitbucket.org/HiyamGh/dementia/src/master/distributions/Q1811.png,0.0,0.0,,4
Q1803_2,categorical,"Incoherent in clear consciousness (e.g. not sleepy) i.e. irrelevant or bizarre or random answers, disjointed ideas, gibberish, neologisms, perseveration, flight of ideas.","no,yes,no answer,not applicable ","0.0,1.0,9.0",0,9,https://bitbucket.org/HiyamGh/dementia/src/master/distributions/Q1803.png,0.0,0.1848428835489834,9,3
Q18020_2,categorical,Other.,"no,yes,no answer,not applicable ","0.0,1.0,9.0",0,9,https://bitbucket.org/HiyamGh/dementia/src/master/distributions/Q18020.png,0.0,0.1848428835489834,9,3
Q18019_2,categorical,Distractibility (interviewee's attention is frequently drawn to trivial and irrelevant events in the environment).,"no,yes,no answer,not applicable ","0.0,1.0,9.0",0,9,https://bitbucket.org/HiyamGh/dementia/src/master/distributions/Q18019.png,0.0,0.1848428835489834,9,3
Q18018_2,categorical,Pre-occupied with inner experiences which are not vocalised (unspecified pre-occupation).,"no,yes,no answer,not applicable ","0.0,1.0,9.0",0,9,https://bitbucket.org/HiyamGh/dementia/src/master/distributions/Q18018.png,0.0,0.1848428835489834,9,3
Q18017_2,categorical,"Excited or agitated or obviously elated (cannot sit still, or frequently interrupts with fatuous jokes or remarks).","no,yes,no answer,not applicable ","0.0,1.0,9.0",0,9,https://bitbucket.org/HiyamGh/dementia/src/master/distributions/Q18017.png,0.0,0.1848428835489834,9,3
Q18016_2,categorical,Lack of insight.  Total denial of symptoms or illness.,"no,yes,no answer,not applicable ","0.0,1.0,9.0",0,9,https://bitbucket.org/HiyamGh/dementia/src/master/distributions/Q18016.png,0.0,0.1848428835489834,9,3
Q18015_2,categorical,"Over talkative, but not pressure of speech.","no,yes,no answer,not applicable ","0.0,1.0,9.0",0,9,https://bitbucket.org/HiyamGh/dementia/src/master/distributions/Q18015.png,0.0,0.1848428835489834,9,3
Q18014_2,categorical,Withdrawal or apparent apathy possibly due to indifference OR to deep depression.,"no,yes,no answer,not applicable ","0.0,1.0,9.0",0,9,https://bitbucket.org/HiyamGh/dementia/src/master/distributions/Q18014.png,0.0,0.1848428835489834,9,3
Q18013_2,categorical,Suspicious.  Negativistic (clearly does the opposite of what the interviewer asks or expects).,"no,yes,no answer,not applicable ","0.0,1.0,9.0",0,9,https://bitbucket.org/HiyamGh/dementia/src/master/distributions/Q18013.png,0.0,0.1848428835489834,9,3
Q18012_2,categorical,Mutism not specified as due to physical defect.,"no,yes,no answer,not applicable ","0.0,1.0,9.0",0,9,https://bitbucket.org/HiyamGh/dementia/src/master/distributions/Q18012.png,0.0,0.1848428835489834,9,3
Q18011_2,categorical,Other.,"no,yes,no answer,not applicable ","0.0,9.0",0,9,https://bitbucket.org/HiyamGh/dementia/src/master/distributions/Q18011.png,0.0,0.1848428835489834,9,3
Q18010_2,categorical,Gross suspiciousness.,"no,yes,no answer,not applicable ","0.0,1.0,9.0",0,9,https://bitbucket.org/HiyamGh/dementia/src/master/distributions/Q18010.png,0.0,0.1848428835489834,9,3
Q1809_2,categorical,"Pressure of speech (cannot be interrupted in the usual manner, talks the interviewer down).","no,yes,no answer,not applicable ","0.0,1.0,9.0",0,9,https://bitbucket.org/HiyamGh/dementia/src/master/distributions/Q1809.png,0.0,0.1848428835489834,9,3
Q1808_2,categorical,Cries uncontrollably.,"no,yes,no answer,not applicable ","0.0,1.0,9.0",0,9,https://bitbucket.org/HiyamGh/dementia/src/master/distributions/Q1808.png,0.0,0.1848428835489834,9,3
Q1807_2,categorical,Speaks coherently to self; speaks to voices.,"no,yes,no answer,not applicable ","0.0,9.0",0,9,https://bitbucket.org/HiyamGh/dementia/src/master/distributions/Q1807.png,0.0,0.1848428835489834,9,3
Q1806_2,categorical,Posturing (maintains an unusual or odd position of any part of the body repeatedly or for several minutes at a time) bizarre behaviour.,"no,yes,no answer,not applicable ","0.0,1.0,9.0",0,9,https://bitbucket.org/HiyamGh/dementia/src/master/distributions/Q1806.png,0.0,0.1848428835489834,9,3
Q1805_2,categorical,Incorporates interviewer in delusions.,"no,yes,no answer,not applicable ","0.0,9.0",0,9,https://bitbucket.org/HiyamGh/dementia/src/master/distributions/Q1805.png,0.0,0.1848428835489834,9,3
Q1804_2,categorical,Keeps referring to delusions or hallucinations.,"no,yes,no answer,not applicable ","0.0,1.0,9.0",0,9,https://bitbucket.org/HiyamGh/dementia/src/master/distributions/Q1804.png,0.0,0.1848428835489834,9,3
Q1367_2,categorical,"Nerves tranquilizers (Valium, Liberium, etc.)","no,yes,no answer,not applicable ","0.0,1.0",0,1,https://bitbucket.org/HiyamGh/dementia/src/master/distributions/Q1367.png,0.0,0.0,,3
IRDISCR_2,boolean,"Interviewer rating: was there any discrepancy between stated birth date and stated age?
",,"0.0,1.0",0,1,https://bitbucket.org/HiyamGh/dementia/src/master/distributions/IRDELHAL.png,0.0,0.0,,
Q1365_2,categorical,"Barbituric acid analgesic (Allobarbital, Amobarbital, Aprobarbital)","no,yes,no answer,not applicable ","0.0,1.0",0,1,https://bitbucket.org/HiyamGh/dementia/src/master/distributions/Q1365.png,0.0,0.0,,3
Q72_2,ordinal,evaluate: there is an error in the month provided ,"no or normal ,error in one month,error in more than one month,no answer,not applicable ","0.0,1.0,2.0,8.0,9.0",0,9,https://bitbucket.org/HiyamGh/dementia/src/master/distributions/Q72.png,0.0,4.621072088724584,"8,9",4
Q81_2,categorical,participant gave the wrong or incomplete address,"no,yes,no answer,not applicable ","0.0,1.0,8.0,9.0",0,9,https://bitbucket.org/HiyamGh/dementia/src/master/distributions/Q81.png,0.0,0.5545286506469501,"8,9",3
IRHOME_2,categorical,did the interview take place in the participant's home,"no,yes,no answer,not applicable ","0.0,1.0,9.0",0,9,https://bitbucket.org/HiyamGh/dementia/src/master/distributions/IRHOME.png,0.0,0.1848428835489834,9,3
Q76_2,categorical,evaluate: the participant says/points out that he doesn't know the year,"no,yes,no answer,not applicable ","0.0,1.0,8.0,9.0",0,9,https://bitbucket.org/HiyamGh/dementia/src/master/distributions/Q76.png,0.0,1.478743068391867,"8,9",3
Q75_2,ordinal,evaluate: error in the year provided,"no,yes,error in more than one year,no answer,not applicable ","0.0,1.0,2.0,8.0,9.0",0,9,https://bitbucket.org/HiyamGh/dementia/src/master/distributions/Q75.png,0.0,4.066543438077634,"8,9",4
Q74_2,categorical,"evaluate: at least some answers are incomplete, irrelevant or no answer","no,yes,no answer,not applicable ","0.0,1.0,8.0,9.0",0,9,https://bitbucket.org/HiyamGh/dementia/src/master/distributions/Q74.png,0.0,2.2181146025878,"8,9",3
Q73_2,categorical,evaluate: the participants says/points out that he doesn't know the month,"no,yes,no answer,not applicable ","0.0,1.0,8.0,9.0",0,9,https://bitbucket.org/HiyamGh/dementia/src/master/distributions/Q73.png,0.0,2.402957486136784,"8,9",3
Q71_2,ordinal,evaluate: there is an error in the date of the week provided,"no or normal ,error in one day,error in more than one day,no answer,not applicable ","0.0,1.0,2.0,8.0,9.0",0,9,https://bitbucket.org/HiyamGh/dementia/src/master/distributions/Q71.png,0.0,4.436229205175601,"8,9",4
PENTAG_2,categorical,score of drawing the pentagones,"incorrect,correct ","0.0,1.0",0,1,https://bitbucket.org/HiyamGh/dementia/src/master/distributions/PENTAG.png,0.0,0.0,,1
Q42_2,categorical,"age is incomplete, irrelevant or no reply","no,yes,no answer,not applicable ","0.0,1.0,9.0",0,9,https://bitbucket.org/HiyamGh/dementia/src/master/distributions/Q42.png,0.0,1.293900184842884,9,3
Q41_2,categorical,States or indicates by  gesture he/she does not know how old he/she is,"no,yes,no answer,not applicable ","0.0,1.0,9.0",0,9,https://bitbucket.org/HiyamGh/dementia/src/master/distributions/Q41.png,0.0,1.1090573012939,9,3
Q32_2,categorical,"year of birth is incomplete, irrelevant or no reply","no,yes,no answer,not applicable ","0.0,1.0,8.0,9.0",0,9,https://bitbucket.org/HiyamGh/dementia/src/master/distributions/Q32.png,0.0,1.478743068391867,"8,9",3
Q31_2,categorical,States or indicates by gesture he/she does not know what year he/she was born,"no,yes,no answer,not applicable ","0.0,1.0,8.0,9.0",0,9,https://bitbucket.org/HiyamGh/dementia/src/master/distributions/Q31.png,0.0,1.293900184842884,"8,9",3
Q21_2,categorical,Cannot spell both his/her first and last names correctly,"no,yes,no answer,not applicable ","0.0,1.0,8.0,9.0",0,9,https://bitbucket.org/HiyamGh/dementia/src/master/distributions/Q21.png,0.0,15.34195933456562,"8,9",3
Q11_2,categorical,Cannot repeat interviewer’s name correctly even after three repetitions,"no,yes,no answer,not applicable ","0.0,1.0,9.0",0,9,https://bitbucket.org/HiyamGh/dementia/src/master/distributions/Q11.png,0.0,0.9242144177449169,9,3
Q82_2,categorical,the participant says/points our that he/she doesn't know,"no,yes,no answer,not applicable ","0.0,1.0,8.0,9.0",0,9,https://bitbucket.org/HiyamGh/dementia/src/master/distributions/Q82.png,0.0,0.7393715341959335,"8,9",3
Q83_2,categorical,"incomplete, irrelevant, or no answer","no,yes,no answer,not applicable ","0.0,1.0,8.0,9.0",0,9,https://bitbucket.org/HiyamGh/dementia/src/master/distributions/Q83.png,0.0,1.1090573012939,"8,9",3
Q101_2,categorical,"give a positive answer and a short explanation like ""you examined me yesterday"". This answer is wrong","no,yes,no answer,not applicable ","0.0,1.0,8.0,9.0",0,9,https://bitbucket.org/HiyamGh/dementia/src/master/distributions/Q101.png,0.0,2.033271719038817,"8,9",3
Q102_2,categorical,mentioned wrong events (not imaginary and not specific in a wrong way),"no,yes,no answer,not applicable ","0.0,1.0,9.0",0,9,https://bitbucket.org/HiyamGh/dementia/src/master/distributions/Q102.png,0.0,0.9242144177449169,9,3
Q111_2,categorical,observation: the participant speaks without a purpose. Did not get to the point being made,"no,yes,no answer,not applicable ","0.0,1.0,9.0",0,9,https://bitbucket.org/HiyamGh/dementia/src/master/distributions/Q111.png,0.0,0.7393715341959335,9,3
Q171_2,categorical,do you have children,"no,yes,no answer,not applicable ","0.0,1.0",0,1,https://bitbucket.org/HiyamGh/dementia/src/master/distributions/Q171.png,0.0,0.0,,3
Q191_2,ordinal,subjective fear or anxiety our of proportion to the event if any that provoked the feeling.,"no,yes simple,yes severe,no answer,not applicable ","0.0,1.0,2.0,8.0",0,8,https://bitbucket.org/HiyamGh/dementia/src/master/distributions/Q191.png,0.0,0.3696857670979667,8,4
Q201_2,ordinal,episode of anxiety which participant tries to terminate e.g. by running out of room.,"no,yes simple,yes severe,no answer,not applicable ","0.0,1.0,2.0,8.0,9.0",0,9,https://bitbucket.org/HiyamGh/dementia/src/master/distributions/Q201.png,0.0,1.293900184842884,"8,9",4
Q211_2,ordinal,depressed mood,"no,yes simple,yes severe,no answer,not applicable ","0.0,1.0,2.0,8.0",0,8,https://bitbucket.org/HiyamGh/dementia/src/master/distributions/Q211.png,0.0,0.7393715341959335,8,4
Q221_2,ordinal,Have you cried at all? How often? Has cried:,"no,crying happens more than once per week,crying happens almost daily or frequently ,no answer,not applicable ","0.0,1.0,2.0,8.0,9.0",0,9,https://bitbucket.org/HiyamGh/dementia/src/master/distributions/Q221.png,0.0,1.478743068391867,"8,9",4
Q281_2,categorical,felt life not worth living,"no,yes simple,yes severe,no answer,not applicable ","0.0,1.0,2.0,8.0",0,8,https://bitbucket.org/HiyamGh/dementia/src/master/distributions/Q281.png,0.0,2.033271719038817,8,4
Q291_2,categorical,not pessimistic but doesn’t have something to do/wait for (lives day by day),"no,yes,no answer,not applicable ","0.0,1.0,8.0,9.0",0,9,https://bitbucket.org/HiyamGh/dementia/src/master/distributions/Q291.png,0.0,2.587800369685767,"8,9",3
Q292_2,categorical,"is pessimistic, doesn’t see a future ahead/ the future is unbearable","no,yes,no answer,not applicable ","0.0,1.0,8.0,9.0",0,9,https://bitbucket.org/HiyamGh/dementia/src/master/distributions/Q292.png,0.0,2.402957486136784,"8,9",3
Q293_2,categorical,genenral status of hoplessness or depression,"no,yes,no answer,not applicable ","0.0,1.0,8.0,9.0",0,9,https://bitbucket.org/HiyamGh/dementia/src/master/distributions/Q293.png,0.0,2.587800369685767,"8,9",3
Q294_2,categorical,the circumstances of the participant explains the pessimism,"no,yes,no answer,not applicable ","0.0,1.0,8.0,9.0",0,9,https://bitbucket.org/HiyamGh/dementia/src/master/distributions/Q294.png,0.0,3.142329020332717,"8,9",3
Q301_2,categorical,already contemplated the idea of suicide or wished for death,"no,yes,no answer,not applicable ","0.0,1.0,8.0",0,8,https://bitbucket.org/HiyamGh/dementia/src/master/distributions/Q301.png,0.0,0.5545286506469501,8,3
Q331_2,ordinal,"seems very nervous, worried, depressed or scared","Transient,clear, excessive but for some time,clear, excessive most times,no answer,not applicable ","0.0,1.0,2.0,8.0,9.0",0,9,https://bitbucket.org/HiyamGh/dementia/src/master/distributions/Q331.png,0.0,1.478743068391867,"8,9",6
STORY_2,ordinal,score of repeating story,,"0.0,1.0,2.0,3.0,4.0,5.0,6.0",0,6,https://bitbucket.org/HiyamGh/dementia/src/master/distributions/STORY.png,0.0,0.0,,
CIRCLE_2,categorical,score of drawing the circle,"incorrect,correct ","0.0,1.0",0,1,https://bitbucket.org/HiyamGh/dementia/src/master/distributions/CIRCLE.png,0.0,0.0,,1
Q351_2,categorical,"forgets the names of friends, family or calls them with other names ","no,creates problems several times per week ,creates problems daily,no answer,not applicable ","0.0,1.0,2.0,8.0",0,8,https://bitbucket.org/HiyamGh/dementia/src/master/distributions/Q351.png,0.0,1.1090573012939,8,4
SHOES_2,categorical,what is this called (interviewer shows a shoe),"incorrect,correct ","0.0,1.0",0,1,https://bitbucket.org/HiyamGh/dementia/src/master/distributions/SHOES.png,0.0,0.0,,1
REPEAT_2,categorical,please repeat this proverb (it might be difficult to pronounce for some),"incorrect,correct ","0.0,1.0",0,1,https://bitbucket.org/HiyamGh/dementia/src/master/distributions/REPEAT.png,0.0,0.0,,1
CHEMIST_2,categorical,where do we go to buy medicine/drugs,"incorrect,correct ","0.0,1.0",0,1,https://bitbucket.org/HiyamGh/dementia/src/master/distributions/CHEMIST.png,0.0,0.0,,1
PRAY_2,categorical,what do people do at the church/ mosque,"incorrect,correct ","0.0,1.0",0,1,https://bitbucket.org/HiyamGh/dementia/src/master/distributions/PRAY.png,0.0,0.0,,1
HAMMER_2,categorical,what is the function of a hammer,"incorrect,correct ","0.0,1.0",0,1,https://bitbucket.org/HiyamGh/dementia/src/master/distributions/HAMMER.png,0.0,0.0,,1
SHOULD_2,categorical,what is this called (interviewer shows a shoulder),"incorrect,correct ","0.0,1.0",0,1,https://bitbucket.org/HiyamGh/dementia/src/master/distributions/SHOULD.png,0.0,0.0,,1
ELBOW_2,categorical,what is this called (interviewer shows an elbow),"incorrect,correct ","0.0,1.0",0,1,https://bitbucket.org/HiyamGh/dementia/src/master/distributions/ELBOW.png,0.0,0.0,,1
CHAIR_2,categorical,what is this called (interviewer shows a chair),"incorrect,correct ","0.0,1.0",0,1,https://bitbucket.org/HiyamGh/dementia/src/master/distributions/CHAIR.png,0.0,0.0,,1
PAPER_2,numeric,score of paper folding/ handling,,0.0-3.0,0,3,https://bitbucket.org/HiyamGh/dementia/src/master/distributions/PAPER.png,0.0,0.0,,
WATCH_2,categorical,what is this called (interviewer shows a watch),"incorrect,correct ","0.0,1.0",0,1,https://bitbucket.org/HiyamGh/dementia/src/master/distributions/WATCH.png,0.0,0.0,,1
PENCIL_2,categorical,what is this called (interviewer shows a pencil),"incorrect,correct ","0.0,1.0",0,1,https://bitbucket.org/HiyamGh/dementia/src/master/distributions/PENCIL.png,0.0,0.0,,1
NAME_2,categorical,my name is x can you please repeat it,"cannot repeat name,can repeat the name","0.0,1.0",0,1,https://bitbucket.org/HiyamGh/dementia/src/master/distributions/NAME.png,0.0,0.0,,1
LEARN3_2,numeric,please repeat the words you can remember (third trial),,0.0-10.0,0,10,https://bitbucket.org/HiyamGh/dementia/src/master/distributions/LEARN3.png,0.0,0.0,,10
LEARN2_2,numeric,please repeat the words you can remember (second trial),,0.0-688.0,0,688,https://bitbucket.org/HiyamGh/dementia/src/master/distributions/LEARN2.png,0.0,1.293900184842884,"45,54,66,76,88,688",10
LEARN1_2,numeric,please repeat the words you can remember (first trial),,0.0-777.0,0,777,https://bitbucket.org/HiyamGh/dementia/src/master/distributions/LEARN1.png,0.0,2.2181146025878,"22,24,33,35,53,56,66,76,777",10
RECALL_2,numeric,number of words remembered correctly,,0.0-83.0,0,83,https://bitbucket.org/HiyamGh/dementia/src/master/distributions/RECALL.png,0.0,0.0,,
NRECALL_2,categorical,do you remember my name (interviewer's),"incorrect,correct ","0.0,1.0",0,1,https://bitbucket.org/HiyamGh/dementia/src/master/distributions/NRECALL.png,0.0,0.0,,1
ANIMALS_2,categorical,participant was able to mention the names of the animals during the one minute provided,"incorrect,correct ","0.0,1.0,2.0,3.0,4.0,5.0,6.0,7.0,8.0,9.0,10.0,11.0,12.0,13.0,14.0,15.0,16.0,17.0,18.0,19.0,20.0,21.0,22.0,23.0,24.0,26.0,27.0,28.0,30.0,32.0,34.0,35.0,40.0",0,40,https://bitbucket.org/HiyamGh/dementia/src/master/distributions/ANIMALS.png,0.0,136.2292051756007,"3,4,5,6,7,8,9,10,11,12,13,14,15,16,17,18,19,20,21,22,23,24,26,27,28,30,32,34,35,40",1
WORDIMM_2,categorical,"3-word list recall (boat, house, fish)","did not remember any word,remembered one word,remembered 2 words,remembered 3 words","0.0,1.0,2.0,3.0",0,3,https://bitbucket.org/HiyamGh/dementia/src/master/distributions/WORDIMM.png,0.0,0.0,,3
TRIALNO_2,numeric,number of trials needed by participant to remember all 3 words,,0.0-97.0,0,97,https://bitbucket.org/HiyamGh/dementia/src/master/distributions/TRIALNO.png,0.0,0.0,,
TOWN_2,categorical,what is the name of this city/village you are currently living in,"incorrect,correct ","0.0,1.0",0,1,https://bitbucket.org/HiyamGh/dementia/src/master/distributions/TOWN.png,0.0,0.0,,1
CHIEF_2,categorical,what is the name of the current president,"incorrect,correct ","0.0,1.0",0,1,https://bitbucket.org/HiyamGh/dementia/src/master/distributions/CHIEF.png,0.0,0.0,,1
STREET_2,categorical,give me the names of 2 streets near your home,"incorrect,correct ","0.0,1.0",0,1,https://bitbucket.org/HiyamGh/dementia/src/master/distributions/STREET.png,0.0,0.0,,1
STORE_2,categorical,where is the local market shop located,"incorrect,correct ","0.0,1.0",0,1,https://bitbucket.org/HiyamGh/dementia/src/master/distributions/STORE.png,0.0,0.0,,1
ADDRESS_2,categorical,what is your homeaddress,"incorrect,correct ","0.0,1.0",0,1,https://bitbucket.org/HiyamGh/dementia/src/master/distributions/ADDRESS.png,0.0,0.0,,1
WORDDEL_2,categorical,do you remember the 3 word-list,"did not remember any word,remembered one word,remembered 2 words,remembered 3 words","0.0,1.0,2.0,3.0",0,3,https://bitbucket.org/HiyamGh/dementia/src/master/distributions/WORDDEL.png,0.0,0.0,,3
LONGMEM_2,categorical,what was the name of the elected president who was assasinated during the israeli occupation in 1982,"incorrect,correct ","0.0,1.0",0,1,https://bitbucket.org/HiyamGh/dementia/src/master/distributions/LONGMEM.png,0.0,0.0,,1
MONTH_2,categorical,In what month are we,"incorrect,correct ","0.0,1.0",0,1,https://bitbucket.org/HiyamGh/dementia/src/master/distributions/MONTH.png,0.0,0.0,,1
YEAR_2,categorical,in what year are we,"incorrect,correct ","0.0,1.0",0,1,https://bitbucket.org/HiyamGh/dementia/src/master/distributions/YEAR.png,0.0,0.0,,1
SEASON_2,categorical,in what season are we,"incorrect,correct ","0.0,1.0",0,1,https://bitbucket.org/HiyamGh/dementia/src/master/distributions/SEASON.png,0.0,0.0,,1
NOD_2,categorical,please move your head as if you are giving a nod,"incorrect,correct ","0.0,1.0",0,1,https://bitbucket.org/HiyamGh/dementia/src/master/distributions/NOD.png,0.0,0.0,,1
POINT_2,categorical,can you point out to the window and the door in this room,"incorrect,correct ","0.0,1.0",0,1,https://bitbucket.org/HiyamGh/dementia/src/master/distributions/POINT.png,0.0,0.0,,1
Q341_2,categorical,difficulties from his/her point of view; the memory problem is a true problem for him/her,"no,creates problems several times per week ,creates problems daily,no answer,not applicable ","0.0,1.0,2.0,8.0",0,8,https://bitbucket.org/HiyamGh/dementia/src/master/distributions/Q341.png,0.0,1.293900184842884,8,4
Q352_2,categorical,forgets were he/she puts stuff,"no,creates problems several times per week ,creates problems daily,no answer,not applicable ","0.0,1.0,2.0,8.0,9.0",0,9,https://bitbucket.org/HiyamGh/dementia/src/master/distributions/Q352.png,0.0,1.293900184842884,"8,9",4
Q1364_2,categorical,Other psychosocial stimulants (eg amphetamines / pep pills),"no,yes,no answer,not applicable ",0.0,0,0,https://bitbucket.org/HiyamGh/dementia/src/master/distributions/Q1364.png,0.0,0.0,,3
Q1051_2,ordinal,Participant admits to feel annoyed (angry),"no,yes simple,yes severe,no answer,not applicable ","0.0,1.0,2.0,8.0",0,8,https://bitbucket.org/HiyamGh/dementia/src/master/distributions/Q1051.png,0.0,0.5545286506469501,8,4
Q1181_2,ordinal,He/she has difficulty focusing on reading.,"no,yes simple,yes severe,no answer,not applicable ","0.0,1.0,2.0,8.0,9.0",0,9,https://bitbucket.org/HiyamGh/dementia/src/master/distributions/Q1181.png,0.0,32.71719038817005,"8,9",4
Q1171_2,ordinal,He/she finds it difficult to focus on entertainment material,"no,yes simple,yes severe,no answer,not applicable ","0.0,1.0,2.0,8.0,9.0",0,9,https://bitbucket.org/HiyamGh/dementia/src/master/distributions/Q1171.png,0.0,1.478743068391867,"8,9",4
Q1141_2,ordinal,Participant did not enjoy almost anything,"no,yes simple,yes severe,no answer,not applicable ","0.0,1.0,2.0,8.0,9.0",0,9,https://bitbucket.org/HiyamGh/dementia/src/master/distributions/Q1141.png,0.0,1.66358595194085,"8,9",4
Q1131_2,ordinal,Participant has less interests in the past month than he/she usually has,"no,yes simple,yes severe,no answer,not applicable ","0.0,1.0,2.0,8.0,9.0",0,9,https://bitbucket.org/HiyamGh/dementia/src/master/distributions/Q1131.png,0.0,1.293900184842884,"8,9",4
Q1061_2,ordinal,Participant is angry with him/herself,"no,yes simple,yes severe,no answer,not applicable ","0.0,1.0,2.0,8.0",0,8,https://bitbucket.org/HiyamGh/dementia/src/master/distributions/Q1061.png,0.0,0.5545286506469501,8,4
Q1052_2,ordinal,Feeling disturbed for most of the days during at least two weeks last month,"no,yes simple,yes severe,no answer,not applicable ","0.0,1.0,2.0,8.0",0,8,https://bitbucket.org/HiyamGh/dementia/src/master/distributions/Q1052.png,0.0,0.5545286506469501,8,4
Q1044_2,ordinal,The imaginary feeling of lack of self-value and guilt most days.,"no,yes simple,yes severe,no answer,not applicable ","0.0,1.0,8.0",0,8,https://bitbucket.org/HiyamGh/dementia/src/master/distributions/Q1044.png,0.0,1.293900184842884,8,4
Q901_2,ordinal,Feels disturbed,"no,yes simple,yes severe,no answer,not applicable ","0.0,1.0,2.0,8.0,9.0",0,9,https://bitbucket.org/HiyamGh/dementia/src/master/distributions/Q901.png,0.0,0.5545286506469501,"8,9",4
Q1043_2,ordinal,Feeling excessive guilt or lack of self-value most days for at least two weeks.,"no,yes simple,yes severe,no answer,not applicable ","0.0,1.0,2.0,8.0",0,8,https://bitbucket.org/HiyamGh/dementia/src/master/distributions/Q1043.png,0.0,1.293900184842884,8,4
Q1042_2,ordinal,The participant mentions to regret something from the past which may or may not be justified.,"no,yes simple,yes severe,no answer,not applicable ","0.0,1.0,2.0,8.0",0,8,https://bitbucket.org/HiyamGh/dementia/src/master/distributions/Q1042.png,0.0,0.1848428835489834,8,4
Q1041_2,ordinal,"There is a clear sense of excessive guilt or self-blame over past and present mistakes (do not affirm positively any self-blame that is justified or simple.)
  ","no,these symptoms remained for a month,these symptoms are incurable ,no answer,not applicable ","0.0,1.0,2.0,8.0,9.0",0,9,https://bitbucket.org/HiyamGh/dementia/src/master/distributions/Q1041.png,0.0,0.9242144177449169,"8,9",4
Q1031_2,ordinal,It seems from looking at/ listening to the participant that he/she is overly skeptical,"no,yes simple,yes severe,no answer,not applicable ","0.0,1.0,2.0",0,2,https://bitbucket.org/HiyamGh/dementia/src/master/distributions/Q1031.png,0.0,0.0,,4
Chin_2,categorical,what is this called (interviewer shows a chin),"incorrect,correct ","0.0,1.0",0,1,https://bitbucket.org/HiyamGh/dementia/src/master/distributions/KNUCKLE.png,0.0,0.0,,1
Q931_2,categorical,There are people like this,"no,yes,no answer,not applicable ","0.0,1.0,8.0,9.0",0,9,https://bitbucket.org/HiyamGh/dementia/src/master/distributions/Q931.png,0.0,0.9242144177449169,"8,9",3
Q1182_2,ordinal,"Difficulty with some forms of concentration most days, at least for two weeks.","no,yes simple,yes severe,no answer,not applicable ","0.0,1.0,2.0,8.0,9.0",0,9,https://bitbucket.org/HiyamGh/dementia/src/master/distributions/Q1182.png,0.0,4.436229205175601,"8,9",4
Q1191_2,ordinal, Note ** has a clear difficulty in focusing on the interview.,"no,yes simple,yes severe,no answer,not applicable ","0.0,1.0,2.0,8.0,9.0",0,9,https://bitbucket.org/HiyamGh/dementia/src/master/distributions/Q1191.png,0.0,0.3696857670979667,"8,9",4
Q1201_2,ordinal,Describes an abnormal sensory experience,"no,yes simple,yes severe,no answer,not applicable ","0.0,1.0,2.0,8.0,9.0",0,9,https://bitbucket.org/HiyamGh/dementia/src/master/distributions/Q1201.png,0.0,0.7393715341959335,"8,9",4
Q1211_2,ordinal,Baffled by something strange happening,"no,yes simple,yes severe,no answer,not applicable ","0.0,1.0,8.0,9.0",0,9,https://bitbucket.org/HiyamGh/dementia/src/master/distributions/Q1211.png,0.0,0.9242144177449169,"8,9",4
Q1221_2,ordinal,Physical hallucinations,"no,yes simple,yes severe,no answer,not applicable ","0.0,1.0,8.0,9.0",0,9,https://bitbucket.org/HiyamGh/dementia/src/master/distributions/Q1221.png,0.0,0.5545286506469501,"8,9",4
Q1222_2,ordinal,"Illusions that involve sexual sensations, for example, from telepathy, an imaginary lover having sex with the participant during the night, etc.
(If the answer is positive, evaluate as ""yes, simple"" or  ""yes, severe"").","no,yes simple,yes severe,no answer,not applicable ","0.0,1.0,8.0,9.0",0,9,https://bitbucket.org/HiyamGh/dementia/src/master/distributions/Q1222.png,0.0,1.293900184842884,"8,9",4
Q1231_2,ordinal,Hallucinations have to do with smell,"no,yes simple,yes severe,no answer,not applicable ","0.0,1.0,8.0,9.0",0,9,https://bitbucket.org/HiyamGh/dementia/src/master/distributions/Q1231.png,0.0,0.3696857670979667,"8,9",4
Q1232_2,ordinal,"Hallucinations are related to smell, for example the participant smells an odor or gas in the room, etc. which is not really present. (If the answer is positive, evaluate it as ""yes, simple"" or ""yes, severe"")","no,yes simple,yes severe,no answer,not applicable ","0.0,1.0,8.0,9.0",0,9,https://bitbucket.org/HiyamGh/dementia/src/master/distributions/Q1232.png,0.0,0.7393715341959335,"8,9",4
Q1233_2,ordinal,"The participant claims to be farting. (If the answer is positive, evaluate it as ""yes, simple"" or ""yes, severe"")","no,yes simple,yes severe,no answer,not applicable ","0.0,1.0,8.0,9.0",0,9,https://bitbucket.org/HiyamGh/dementia/src/master/distributions/Q1233.png,0.0,0.9242144177449169,"8,9",4
Q1241_2,ordinal,"A bad taste, not necessarily due to hallucination, for example, bitter taste. ","no,yes simple,yes severe,no answer,not applicable ","0.0,1.0,8.0,9.0",0,9,https://bitbucket.org/HiyamGh/dementia/src/master/distributions/Q1241.png,0.0,0.5545286506469501,"8,9",4
Q1242_2,ordinal,Hallucinations related to taste,"no,yes simple,yes severe,no answer,not applicable ","0.0,1.0,8.0,9.0",0,9,https://bitbucket.org/HiyamGh/dementia/src/master/distributions/Q1242.png,0.0,0.5545286506469501,"8,9",4
Q1251_2,ordinal,Indicates that he/she hears voices in the absence of any external influence that can be defined,"no,yes simple,yes severe,no answer,not applicable ","0.0,1.0,2.0,8.0",0,8,https://bitbucket.org/HiyamGh/dementia/src/master/distributions/Q1251.png,0.0,0.1848428835489834,8,4
Q1271_2,ordinal,Says that he/she is testing visual perception in the absence of any identifiable external stimulus.,"no,yes simple,yes severe,no answer,not applicable ","0.0,1.0,2.0,8.0,9.0",0,9,https://bitbucket.org/HiyamGh/dementia/src/master/distributions/Q1271.png,0.0,0.3696857670979667,"8,9",4
Q1351_2,categorical,Note ** The participant is taking a doctor-prescribed medication to treat a mental problem,"no,yes,no answer,not applicable ","0.0,1.0,8.0",0,8,https://bitbucket.org/HiyamGh/dementia/src/master/distributions/Q1351.png,0.0,0.3696857670979667,8,3
Q1361_2,categorical,"Opium alkaloids, heroin, industrial analgesics similar to morphine (eg pythidine, methadone, dehydroquidine) and cocaine.","no,yes,no answer,not applicable ","0.0,1.0",0,1,https://bitbucket.org/HiyamGh/dementia/src/master/distributions/Q1361.png,0.0,0.0,,3
Q1362_2,categorical,"Heliosis (eg LSD, Mescaline)","no,yes,no answer,not applicable ",0.0,0,0,https://bitbucket.org/HiyamGh/dementia/src/master/distributions/Q1362.png,0.0,0.0,,3
Q1363_2,categorical,"Medicinal cannabis (cannabis, marijuana)","no,yes,no answer,not applicable ",0.0,0,0,https://bitbucket.org/HiyamGh/dementia/src/master/distributions/Q1363.png,0.0,0.0,,3
Q911_2,ordinal,Has this feeling,"no,yes simple,yes severe,no answer,not applicable ","0.0,1.0,2.0,8.0,9.0",0,9,https://bitbucket.org/HiyamGh/dementia/src/master/distributions/Q911.png,0.0,0.7393715341959335,"8,9",4
Q871_2,ordinal,Admits feeling lonely,"no,yes simple,yes severe,no answer,not applicable ","0.0,1.0,2.0,8.0",0,8,https://bitbucket.org/HiyamGh/dementia/src/master/distributions/Q871.png,0.0,1.1090573012939,8,4
Q361_2,categorical,needs to make more efforts to remember things,"no,yes,no answer,not applicable ","0.0,1.0,8.0,9.0",0,9,https://bitbucket.org/HiyamGh/dementia/src/master/distributions/Q361.png,0.0,2.2181146025878,"8,9",3
Q491_2,ordinal,difficulty to relax,"no,yes simple,yes severe,no answer,not applicable ","0.0,1.0,2.0,8.0,9.0",0,9,https://bitbucket.org/HiyamGh/dementia/src/master/distributions/Q491.png,0.0,1.478743068391867,"8,9",4
Q532_2,categorical,Elderly has lost 10 pounds (4.5 kilograms) or more during the past month,"no,yes,no answer,not applicable ","0.0,1.0,8.0,9.0",0,9,https://bitbucket.org/HiyamGh/dementia/src/master/distributions/Q532.png,0.0,0.9242144177449169,"8,9",3
Q531_2,categorical,Elderly has lost 10 pounds (4.5 kilograms) or more in the past three months,"no,yes,no answer,not applicable ","0.0,1.0,8.0,9.0",0,9,https://bitbucket.org/HiyamGh/dementia/src/master/distributions/Q531.png,0.0,0.9242144177449169,"8,9",3
Q512_2,ordinal,increased appetite,"no,yes simple,yes severe,no answer,not applicable ","0.0,1.0,2.0,8.0",0,8,https://bitbucket.org/HiyamGh/dementia/src/master/distributions/Q512.png,0.0,0.5545286506469501,8,4
Q511_2,ordinal,loss or decreased appetite ,"no,yes simple,yes severe,no answer,not applicable ","0.0,1.0,2.0,8.0",0,8,https://bitbucket.org/HiyamGh/dementia/src/master/distributions/Q511.png,0.0,0.5545286506469501,8,4
Q502_2,ordinal,"describes the headacke as the product of nervous tension: tension around the head, tension, stiff neck","no,yes simple,yes severe,no answer,not applicable ","0.0,1.0,2.0,8.0,9.0",0,9,https://bitbucket.org/HiyamGh/dementia/src/master/distributions/Q502.png,0.0,1.66358595194085,"8,9",4
Q501_2,ordinal,describe the headache,"no,yes simple,yes severe,no answer,not applicable ","0.0,1.0,2.0,8.0,9.0",0,9,https://bitbucket.org/HiyamGh/dementia/src/master/distributions/Q501.png,0.0,0.9242144177449169,"8,9",4
Q481_2,ordinal,Gets worn out or exhausted during daytime or evening,"no,yes simple,yes severe,no answer,not applicable ","0.0,1.0,2.0,8.0",0,8,https://bitbucket.org/HiyamGh/dementia/src/master/distributions/Q481.png,0.0,1.293900184842884,8,4
Q781_2,ordinal,Elderly seems very slow in all moves,"no,yes simple,yes severe,no answer,not applicable ","0.0,1.0,2.0,8.0,9.0",0,9,https://bitbucket.org/HiyamGh/dementia/src/master/distributions/Q781.png,0.0,0.9242144177449169,"8,9",4
Q452_2,categorical,"One or more body parts appear paralyzed in whole or in part, or there is a sign of paralysis on one side of the face.","no,yes,no answer,not applicable ","0.0,1.0,8.0",0,8,https://bitbucket.org/HiyamGh/dementia/src/master/distributions/Q452.png,0.0,0.1848428835489834,8,3
Q451_2,ordinal,"the elderly seems week, skinny, sick or disabled","no,yes simple,yes severe,no answer,not applicable ","0.0,1.0,2.0",0,2,https://bitbucket.org/HiyamGh/dementia/src/master/distributions/Q451.png,0.0,0.0,,4
Q401_2,ordinal,the interviewer's believes that the elderly has a memory problem,"no,yes simple,yes severe,no answer,not applicable ","0.0,1.0,2.0",0,2,https://bitbucket.org/HiyamGh/dementia/src/master/distributions/Q401.png,0.0,0.0,,4
Q391_2,categorical,does not remember the name of the past prime minister (if wrong give the right answer: Najib Mikati) ,"no,yes,no answer,not applicable ","0.0,1.0,8.0,9.0",0,9,https://bitbucket.org/HiyamGh/dementia/src/master/distributions/Q391.png,0.0,0.7393715341959335,"8,9",3
Q381_2,categorical,does not remember the name of the current prime minister (if wrong give the right answer: Tamam Salam) ,"no,yes,no answer,not applicable ","0.0,1.0,8.0,9.0",0,9,https://bitbucket.org/HiyamGh/dementia/src/master/distributions/Q381.png,0.0,0.9242144177449169,"8,9",3
Q371_2,categorical,does not remember well the interviewer's name (little mistakes are tolerable) ,"no,yes,no answer,not applicable ","0.0,1.0,9.0",0,9,https://bitbucket.org/HiyamGh/dementia/src/master/distributions/Q371.png,0.0,0.5545286506469501,9,3
Q533_2,categorical,Elderly gained 10 pounds (4.5 kilograms) or more during the past month,"no,yes,no answer,not applicable ","0.0,1.0,8.0,9.0",0,9,https://bitbucket.org/HiyamGh/dementia/src/master/distributions/Q533.png,0.0,0.7393715341959335,"8,9",3
Q541_2,categorical,Problem sleeping or change in the sleeping pattern,"no,yes,no answer,not applicable ","0.0,1.0,8.0",0,8,https://bitbucket.org/HiyamGh/dementia/src/master/distributions/Q541.png,0.0,0.3696857670979667,8,3
Q611_2,ordinal,"Palpitations (i.e. patient is conscious of his/her heartbeat which is not due to exercise, but usually accompanied by anxiety.","no,yes simple,yes severe,no answer,not applicable ","0.0,1.0,2.0,8.0",0,8,https://bitbucket.org/HiyamGh/dementia/src/master/distributions/Q611.png,0.0,1.293900184842884,8,4
Q612_2,ordinal,Trembling or tremulous feeling due to anxiety.,"no,yes simple,yes severe,no answer,not applicable ","0.0,1.0,2.0,8.0",0,8,https://bitbucket.org/HiyamGh/dementia/src/master/distributions/Q612.png,0.0,1.293900184842884,8,4
Q613_2,ordinal,Other physical manifestations of anxiety,"no,yes simple,yes severe,no answer,not applicable ","0.0,1.0,2.0,8.0",0,8,https://bitbucket.org/HiyamGh/dementia/src/master/distributions/Q613.png,0.0,1.293900184842884,8,4
Q621_2,ordinal,Subjective slowing in thinking.,"no,yes simple,yes severe,no answer,not applicable ","0.0,1.0,2.0,8.0",0,8,https://bitbucket.org/HiyamGh/dementia/src/master/distributions/Q621.png,0.0,2.587800369685767,8,4
Q631_2,ordinal,Feeling confused,"no,yes simple,yes severe,no answer,not applicable ","0.0,1.0,2.0,8.0",0,8,https://bitbucket.org/HiyamGh/dementia/src/master/distributions/Q631.png,0.0,2.77264325323475,8,4
Q641_2,ordinal,Feels indecisive,"no,yes simple,yes severe,no answer,not applicable ","0.0,1.0,2.0,8.0,9.0",0,9,https://bitbucket.org/HiyamGh/dementia/src/master/distributions/Q641.png,0.0,2.033271719038817,"8,9",4
Q642_2,ordinal,"A feeling of confused thinking or hesitation is present for most days, for at least two weeks.","no,yes simple,yes severe,no answer,not applicable ","0.0,1.0,2.0,8.0,9.0",0,9,https://bitbucket.org/HiyamGh/dementia/src/master/distributions/Q642.png,0.0,2.402957486136784,"8,9",4
Q643_2,ordinal,The feeling of not coping well with the daily routine.,"no,yes simple,yes severe,no answer,not applicable ","0.0,1.0,2.0,8.0,9.0",0,9,https://bitbucket.org/HiyamGh/dementia/src/master/distributions/Q643.png,0.0,2.033271719038817,"8,9",4
Q644_2,ordinal,Lack of self-confidence,"no,yes simple,yes severe,no answer,not applicable ","0.0,1.0,2.0,8.0,9.0",0,9,https://bitbucket.org/HiyamGh/dementia/src/master/distributions/Q644.png,0.0,2.2181146025878,"8,9",4
Q651_2,ordinal,The elderly seems confused ,"no,yes simple,yes severe,no answer,not applicable ","0.0,1.0,2.0,8.0",0,8,https://bitbucket.org/HiyamGh/dementia/src/master/distributions/Q651.png,0.0,0.1848428835489834,8,4
Q652_2,ordinal,Appears indecisive,"no,yes simple,yes severe,no answer,not applicable ","0.0,1.0,2.0",0,2,https://bitbucket.org/HiyamGh/dementia/src/master/distributions/Q652.png,0.0,0.0,,4
Q711_2,ordinal,"From his/her point of view, the elderly is slower in motion","no,yes simple,yes severe,no answer,not applicable ","0.0,1.0,2.0,8.0",0,8,https://bitbucket.org/HiyamGh/dementia/src/master/distributions/Q711.png,0.0,0.1848428835489834,8,4
Q721_2,ordinal,Listlessness or subjective   restriction of energy.,"no,yes simple,yes severe,no answer,not applicable ","0.0,1.0,2.0,8.0",0,8,https://bitbucket.org/HiyamGh/dementia/src/master/distributions/Q721.png,0.0,0.7393715341959335,8,4
Q722_2,ordinal,It exists most days for at least two weeks,"no,yes simple,yes severe,no answer,not applicable ","0.0,1.0,2.0,8.0",0,8,https://bitbucket.org/HiyamGh/dementia/src/master/distributions/Q722.png,0.0,1.1090573012939,8,4
Q731_2,ordinal,"Move less than usual.

","no,yes simple,yes severe,no answer,not applicable ","0.0,1.0,2.0,8.0",0,8,https://bitbucket.org/HiyamGh/dementia/src/master/distributions/Q731.png,0.0,0.3696857670979667,8,4
HASCONF_2,ordinal,overall rating of confidence in data,"logical answers,little doughts ,some level of doughts,a lot of doughts,useless information ","0.0,1.0,2.0,3.0,4.0",0,4,https://bitbucket.org/HiyamGh/dementia/src/master/distributions/HASCONF.png,0.0,0.0,,4
